Rk,Player,Season,Age,Team,G,GS,Pos,Player-additional
1,Brandon Allen,2025,33,TEN,1,0,QB,AlleBr00
2,Josh Allen,2025,29,BUF,17,17,QB,AlleJo02
3,Kyle Allen,2025,29,DET,3,0,QB,AlleKy00
4,Tyson Bagent,2025,25,CHI,3,0,QB,BageTy00
5,Teddy Bridgewater,2025,33,TAM,4,0,QB,BridTe00
6,Jacoby Brissett,2025,33,ARI,14,12,QB,BrisJa00
7,Max Brosmer,2025,24,MIN,7,2,QB,BrosMa00
8,Jake Browning,2025,29,CIN,5,3,QB,BrowJa08
9,Shane Buechele,2025,27,KAN,1,0,QB,BuecSh00
10,Joe Burrow,2025,29,CIN,8,8,QB,BurrJo01
11,Brady Cook,2025,24,NYJ,5,4,QB,CookBr03
12,Kirk Cousins,2025,37,ATL,10,8,QB,CousKi00
13,Andy Dalton,2025,38,CAR,4,1,QB,DaltAn00
14,Jayden Daniels,2025,25,WAS,7,7,QB,DaniJa02
15,Sam Darnold,2025,28,SEA,17,17,QB,DarnSa00
16,Jaxson Dart,2025,22,NYG,14,12,QB,DartJa00
17,Joshua Dobbs,2025,30,NWE,4,0,QB,DobbJo00
18,Quinn Ewers,2025,22,MIA,4,3,QB,EwerQu00
19,Justin Fields,2025,26,NYJ,9,9,QB,FielJu00
20,Joe Flacco,2025,40,CINCLE,13,10,QB,FlacJo00
21,Dillon Gabriel,2025,25,CLE,10,6,QB,GabrDi00
22,Jimmy Garoppolo,2025,34,LAR,3,0,QB,GaroJi00
23,Jared Goff,2025,31,DET,17,17,QB,GoffJa00
24,Justin Herbert,2025,27,LAC,16,16,QB,HerbJu00
25,Tyler Huntley,2025,27,BAL,5,2,QB,HuntTy01
26,Jalen Hurts,2025,27,PHI,16,16,QB,HurtJa00
27,Lamar Jackson,2025,28,BAL,13,13,QB,JackLa00
28,Josh Johnson,2025,39,WAS,5,2,QB,JohnJo05
29,Daniel Jones,2025,28,IND,13,13,QB,JoneDa05
30,Mac Jones,2025,27,SFO,11,8,QB,JoneMa05
31,Trey Lance,2025,25,LAC,4,1,QB,LancTr00
32,Trevor Lawrence,2025,26,JAX,17,17,QB,LawrTr00
33,Riley Leonard,2025,23,IND,5,1,QB,LeonRi02
34,Drew Lock,2025,29,SEA,5,0,QB,LockDr00
35,Jordan Love,2025,27,GNB,15,15,QB,LoveJo03
36,Patrick Mahomes,2025,30,KAN,14,14,QB,MahoPa00
37,Marcus Mariota,2025,32,WAS,11,8,QB,MariMa01
38,Adrian Martinez,2025,25,SFO,1,0,QB,MartAd00
39,Drake Maye,2025,23,NWE,17,17,QB,MayeDr00
40,Baker Mayfield,2025,30,TAM,17,17,QB,MayfBa00
41,J.J. McCarthy,2025,22,MIN,10,10,QB,McCaJJ00
42,Tanner McKee,2025,25,PHI,4,1,QB,McKeTa01
43,Davis Mills,2025,27,HOU,6,3,QB,MillDa02
44,Jalen Milroe,2025,23,SEA,3,0,QB,MilrJa00
45,Joe Milton,2025,25,DAL,4,0,QB,MiltJo00
46,Gardner Minshew II,2025,29,KAN,4,1,QB,MinsGa00
47,Nick Mullens,2025,30,JAX,5,0,QB,MullNi00
48,Kyler Murray,2025,28,ARI,5,5,QB,MurrKy00
49,Bo Nix,2025,25,DEN,17,17,QB,NixxBo00
50,Aidan O'Connell,2025,27,LVR,1,0,QB,OConAi00
51,Chris Oladokun,2025,28,KAN,3,2,QB,OladCh00
52,Michael Penix,2025,25,ATL,9,9,QB,PeniMi00
53,Kenny Pickett,2025,27,LVR,6,2,QB,PickKe00
54,Dak Prescott,2025,32,DAL,17,17,QB,PresDa01
55,Brock Purdy,2025,26,SFO,9,9,QB,PurdBr00
56,Spencer Rattler,2025,25,NOR,9,8,QB,RattSp00
57,Anthony Richardson,2025,23,IND,2,0,QB,RichAn03
58,Philip Rivers,2025,44,IND,3,3,QB,RivePh00
59,Aaron Rodgers,2025,42,PIT,16,16,QB,RodgAa00
60,Mason Rudolph,2025,30,PIT,5,1,QB,RudoMa00
61,Cooper Rush,2025,32,BAL,4,2,QB,RushCo00
62,Brett Rypien,2025,29,CIN,1,0,QB,RypiBr00
63,Shedeur Sanders,2025,23,CLE,8,7,QB,SandSh00
64,Tyler Shough,2025,26,NOR,11,9,QB,ShouTy00
65,Kedon Slovis,2025,24,ARI,2,0,QB,SlovKe00
66,Geno Smith,2025,35,LVR,15,15,QB,SmitGe00
67,Matthew Stafford,2025,37,LAR,17,17,QB,StafMa00
68,Jarrett Stidham,2025,29,DEN,1,0,QB,StidJa00
69,C.J. Stroud,2025,24,HOU,14,14,QB,StroCJ00
70,Tua Tagovailoa,2025,27,MIA,14,14,QB,TagoTu00
71,Tyrod Taylor,2025,36,NYJ,6,4,QB,TaylTy00
72,Mitchell Trubisky,2025,31,BUF,4,0,QB,TrubMi00
73,Clayton Tune,2025,26,GNB,2,1,QB,TuneCl00
74,Cam Ward,2025,23,TEN,17,17,QB,WardCa00
75,Carson Wentz,2025,33,MIN,5,5,QB,WentCa00
76,Caleb Williams,2025,24,CHI,17,17,QB,WillCa03
77,Malik Willis,2025,26,GNB,4,1,QB,WillMa12
78,Russell Wilson,2025,37,NYG,6,3,QB,WilsRu00
79,Zach Wilson,2025,26,MIA,4,0,QB,WilsZa00
80,Jameis Winston,2025,31,NYG,3,2,QB,WinsJa00
81,Bryce Young,2025,24,CAR,16,16,QB,YounBr01
82,Brandon Allen,2024,32,SFO,3,1,QB,AlleBr00
83,Josh Allen,2024,28,BUF,17,17,QB,AlleJo02
84,Kyle Allen,2024,28,PIT,1,0,QB,AlleKy00
85,Tyson Bagent,2024,24,CHI,4,0,QB,BageTy00
86,Tim Boyle,2024,30,MIANYG,3,0,QB,BoylTi00
87,Teddy Bridgewater,2024,32,DET,0,0,QB,BridTe00
88,Jacoby Brissett,2024,32,NWE,8,5,QB,BrisJa00
89,Jake Browning,2024,28,CIN,3,0,QB,BrowJa08
90,Joe Burrow,2024,28,CIN,17,17,QB,BurrJo01
91,Derek Carr,2024,33,NOR,10,10,QB,CarrDe02
92,Kirk Cousins,2024,36,ATL,14,14,QB,CousKi00
93,Andy Dalton,2024,37,CAR,6,5,QB,DaltAn00
94,Jayden Daniels,2024,24,WAS,17,17,QB,DaniJa02
95,Sam Darnold,2024,27,MIN,17,17,QB,DarnSa00
96,Tommy DeVito,2024,26,NYG,3,2,QB,DeViTo00
97,Joshua Dobbs,2024,29,SFO,2,1,QB,DobbJo00
98,Jeff Driskel,2024,31,WAS,1,0,QB,DrisJe00
99,Justin Fields,2024,25,PIT,10,6,QB,FielJu00
100,Joe Flacco,2024,39,IND,8,6,QB,FlacJo00
101,Jimmy Garoppolo,2024,33,LAR,1,1,QB,GaroJi00
102,Jared Goff,2024,30,DET,17,17,QB,GoffJa00
103,Jake Haener,2024,25,NOR,8,1,QB,HaenJa00
104,Taylor Heinicke,2024,31,LAC,4,0,QB,HeinTa00
105,Justin Herbert,2024,26,LAC,17,17,QB,HerbJu00
106,Hendon Hooker,2024,26,DET,3,0,QB,HookHe00
107,Sam Howell,2024,24,SEA,2,0,QB,HoweSa00
108,Tyler Huntley,2024,26,MIA,5,5,QB,HuntTy01
109,Jalen Hurts,2024,26,PHI,15,15,QB,HurtJa00
110,Lamar Jackson,2024,27,BAL,17,17,QB,JackLa00
111,Josh Johnson,2024,38,BAL,6,0,QB,JohnJo05
112,Daniel Jones,2024,27,NYG,10,10,QB,JoneDa05
113,Mac Jones,2024,26,JAX,10,7,QB,JoneMa05
114,Trey Lance,2024,24,DAL,4,1,QB,LancTr00
115,Trevor Lawrence,2024,25,JAX,10,10,QB,LawrTr00
116,Will Levis,2024,25,TEN,12,12,QB,LeviWi00
117,Drew Lock,2024,28,NYG,8,5,QB,LockDr00
118,Jordan Love,2024,26,GNB,15,15,QB,LoveJo03
119,Patrick Mahomes,2024,29,KAN,16,16,QB,MahoPa00
120,Marcus Mariota,2024,31,WAS,3,0,QB,MariMa01
121,Drake Maye,2024,22,NWE,13,12,QB,MayeDr00
122,Baker Mayfield,2024,29,TAM,17,17,QB,MayfBa00
123,Tanner McKee,2024,24,PHI,2,1,QB,McKeTa01
124,Davis Mills,2024,26,HOU,4,0,QB,MillDa02
125,Joe Milton,2024,24,NWE,1,0,QB,MiltJo00
126,Gardner Minshew II,2024,28,LVR,10,9,QB,MinsGa00
127,Nick Mullens,2024,29,MIN,4,0,QB,MullNi00
128,Kyler Murray,2024,27,ARI,17,17,QB,MurrKy00
129,Bo Nix,2024,24,DEN,17,17,QB,NixxBo00
130,Aidan O'Connell,2024,26,LVR,9,7,QB,OConAi00
131,Chris Oladokun,2024,27,KAN,1,0,QB,OladCh00
132,Michael Penix,2024,24,ATL,5,3,QB,PeniMi00
133,Kenny Pickett,2024,26,PHI,5,1,QB,PickKe00
134,Dak Prescott,2024,31,DAL,8,8,QB,PresDa01
135,Brock Purdy,2024,25,SFO,15,15,QB,PurdBr00
136,Spencer Rattler,2024,24,NOR,7,6,QB,RattSp00
137,Anthony Richardson,2024,22,IND,11,11,QB,RichAn03
138,Desmond Ridder,2024,25,LVR,6,1,QB,RiddDe00
139,Aaron Rodgers,2024,41,NYJ,17,17,QB,RodgAa00
140,Mason Rudolph,2024,29,TEN,8,5,QB,RudoMa00
141,Cooper Rush,2024,31,DAL,12,8,QB,RushCo00
142,Geno Smith,2024,34,SEA,17,17,QB,SmitGe00
143,Matthew Stafford,2024,36,LAR,16,16,QB,StafMa00
144,Jarrett Stidham,2024,28,DEN,3,0,QB,StidJa00
145,C.J. Stroud,2024,23,HOU,17,17,QB,StroCJ00
146,Tua Tagovailoa,2024,26,MIA,11,11,QB,TagoTu00
147,Tyrod Taylor,2024,35,NYJ,2,0,QB,TaylTy00
148,Dorian Thompson-Robinson,2024,25,CLE,7,2,QB,ThomDo02
149,Skylar Thompson,2024,27,MIA,3,1,QB,ThomSk00
150,Kyle Trask,2024,26,TAM,4,0,QB,TrasKy00
151,Mitchell Trubisky,2024,30,BUF,9,0,QB,TrubMi00
152,Clayton Tune,2024,25,ARI,6,0,QB,TuneCl00
153,Deshaun Watson,2024,29,CLE,7,7,QB,WatsDe00
154,Carson Wentz,2024,32,KAN,3,1,QB,WentCa00
155,Mike White,2024,29,BUF,1,0,QB,WhitMi01
156,Caleb Williams,2024,23,CHI,17,17,QB,WillCa03
157,Malik Willis,2024,25,GNB,7,2,QB,WillMa12
158,Russell Wilson,2024,36,PIT,11,11,QB,WilsRu00
159,Jameis Winston,2024,30,CLE,12,7,QB,WinsJa00
160,Bryce Young,2024,23,CAR,14,12,QB,YounBr01
161,Bailey Zappe,2024,25,CLE,1,1,QB,ZappBa00
162,Josh Allen,2023,27,BUF,17,17,QB,AlleJo02
163,Kyle Allen,2023,27,BUF,7,0,QB,AlleKy00
164,Tyson Bagent,2023,23,CHI,5,4,QB,BageTy00
165,Matt Barkley,2023,33,JAX,1,0,QB,BarkMa00
166,C.J. Beathard,2023,30,JAX,7,1,QB,BeatC.00
167,Tim Boyle,2023,29,NYJ,3,2,QB,BoylTi00
168,Teddy Bridgewater,2023,31,DET,1,0,QB,BridTe00
169,Jacoby Brissett,2023,31,WAS,3,0,QB,BrisJa00
170,Jake Browning,2023,27,CIN,9,7,QB,BrowJa08
171,Joe Burrow,2023,27,CIN,10,10,QB,BurrJo01
172,Derek Carr,2023,32,NOR,17,17,QB,CarrDe02
173,Sean Clifford,2023,25,GNB,2,0,QB,ClifSe00
174,Kirk Cousins,2023,35,MIN,8,8,QB,CousKi00
175,Malik Cunningham,2023,25,NWEBAL,2,0,QB,CunnMa00
176,Andy Dalton,2023,36,CAR,3,1,QB,DaltAn00
177,Sam Darnold,2023,26,SFO,10,1,QB,DarnSa00
178,Tommy DeVito,2023,25,NYG,9,6,QB,DeViTo00
179,Joshua Dobbs,2023,28,ARIMIN,13,12,QB,DobbJo00
180,Jeff Driskel,2023,30,CLE,1,1,QB,DrisJe00
181,Sam Ehlinger,2023,25,IND,1,0,QB,EhliSa00
182,Justin Fields,2023,24,CHI,13,13,QB,FielJu00
183,Joe Flacco,2023,38,CLE,5,5,QB,FlacJo00
184,Blaine Gabbert,2023,34,KAN,2,1,QB,GabbBl00
185,Jimmy Garoppolo,2023,32,LVR,7,6,QB,GaroJi00
186,Jared Goff,2023,29,DET,17,17,QB,GoffJa00
187,Jaren Hall,2023,25,MIN,3,2,QB,HallJa00
188,Taylor Heinicke,2023,30,ATL,5,4,QB,HeinTa00
189,Justin Herbert,2023,25,LAC,13,13,QB,HerbJu00
190,Taysom Hill,2023,33,NOR,16,7,TE/QB,HillTa00
191,Sam Howell,2023,23,WAS,17,17,QB,HoweSa00
192,Brian Hoyer,2023,38,LVR,3,1,QB,HoyeBr00
193,Tyler Huntley,2023,25,BAL,5,1,QB,HuntTy01
194,Jalen Hurts,2023,25,PHI,17,17,QB,HurtJa00
195,Lamar Jackson,2023,26,BAL,16,16,QB,JackLa00
196,Daniel Jones,2023,26,NYG,6,6,QB,JoneDa05
197,Mac Jones,2023,25,NWE,11,11,QB,JoneMa05
198,Case Keenum,2023,35,HOU,2,2,QB,KeenCa00
199,Trevor Lawrence,2023,24,JAX,16,16,QB,LawrTr00
200,Will Levis,2023,24,TEN,9,9,QB,LeviWi00
201,Drew Lock,2023,27,SEA,4,2,QB,LockDr00
202,Jordan Love,2023,25,GNB,17,17,QB,LoveJo03
203,Patrick Mahomes,2023,28,KAN,16,16,QB,MahoPa00
204,Marcus Mariota,2023,30,PHI,3,0,QB,MariMa01
205,Baker Mayfield,2023,28,TAM,17,17,QB,MayfBa00
206,A.J. McCarron,2023,33,CIN,2,0,QB,McCaA.00
207,Davis Mills,2023,25,HOU,6,0,QB,MillDa02
208,Gardner Minshew II,2023,27,IND,17,13,QB,MinsGa00
209,Nick Mullens,2023,28,MIN,5,3,QB,MullNi00
210,Kyler Murray,2023,26,ARI,8,8,QB,MurrKy00
211,Aidan O'Connell,2023,25,LVR,11,10,QB,OConAi00
212,Nathan Peterman,2023,29,CHI,2,0,QB,PeteNa00
213,Kenny Pickett,2023,25,PIT,12,12,QB,PickKe00
214,Dak Prescott,2023,30,DAL,17,17,QB,PresDa01
215,Brock Purdy,2023,24,SFO,16,16,QB,PurdBr00
216,Anthony Richardson,2023,21,IND,4,4,QB,RichAn03
217,Desmond Ridder,2023,24,ATL,15,13,QB,RiddDe00
218,Aaron Rodgers,2023,40,NYJ,1,1,QB,RodgAa00
219,Mason Rudolph,2023,28,PIT,4,3,QB,RudoMa00
220,Cooper Rush,2023,30,DAL,7,0,QB,RushCo00
221,Brett Rypien,2023,27,LAR,2,1,QB,RypiBr00
222,Trevor Siemian,2023,32,NYJ,5,3,QB,SiemTr00
223,Geno Smith,2023,33,SEA,15,15,QB,SmitGe00
224,Matthew Stafford,2023,35,LAR,15,15,QB,StafMa00
225,Easton Stick,2023,28,LAC,5,4,QB,SticEa00
226,Jarrett Stidham,2023,27,DEN,3,2,QB,StidJa00
227,C.J. Stroud,2023,22,HOU,15,15,QB,StroCJ00
228,Tua Tagovailoa,2023,25,MIA,17,17,QB,TagoTu00
229,Ryan Tannehill,2023,35,TEN,10,8,QB,TannRy00
230,Tyrod Taylor,2023,34,NYG,11,5,QB,TaylTy00
231,Dorian Thompson-Robinson,2023,24,CLE,8,3,QB,ThomDo02
232,Kyle Trask,2023,25,TAM,2,0,QB,TrasKy00
233,Mitchell Trubisky,2023,29,PIT,5,2,QB,TrubMi00
234,Clayton Tune,2023,24,ARI,7,1,QB,TuneCl00
235,P.J. Walker,2023,28,CLE,6,2,QB,WalkPh00
236,Deshaun Watson,2023,28,CLE,6,6,QB,WatsDe00
237,Carson Wentz,2023,31,LAR,2,1,QB,WentCa00
238,Mike White,2023,28,MIA,6,0,QB,WhitMi01
239,Malik Willis,2023,24,TEN,3,0,QB,WillMa12
240,Russell Wilson,2023,35,DEN,15,15,QB,WilsRu00
241,Zach Wilson,2023,24,NYJ,12,11,QB,WilsZa00
242,Jameis Winston,2023,29,NOR,7,0,QB,WinsJa00
243,Logan Woodside,2023,28,ATL,1,0,QB,WoodLo00
244,Bryce Young,2023,22,CAR,16,16,QB,YounBr01
245,Bailey Zappe,2023,24,NWE,10,6,QB,ZappBa00
246,Brandon Allen,2022,30,CIN,1,0,QB,AlleBr00
247,Josh Allen,2022,26,BUF,16,16,QB,AlleJo02
248,Kyle Allen,2022,26,HOU,2,2,QB,AlleKy00
249,C.J. Beathard,2022,29,JAX,4,0,QB,BeatC.00
250,David Blough,2022,27,ARI,2,2,QB,BlouDa00
251,Tim Boyle,2022,28,CHI,1,0,QB,BoylTi00
252,Tom Brady,2022,45,TAM,17,17,QB,BradTo00
253,Teddy Bridgewater,2022,30,MIA,5,2,QB,BridTe00
254,Jacoby Brissett,2022,30,CLE,16,11,QB,BrisJa00
255,Anthony Brown,2022,24,BAL,2,1,QB,BrowAn06
256,Joe Burrow,2022,26,CIN,16,16,QB,BurrJo01
257,Derek Carr,2022,31,LVR,15,15,QB,CarrDe02
258,Kirk Cousins,2022,34,MIN,17,17,QB,CousKi00
259,Andy Dalton,2022,35,NOR,14,14,QB,DaltAn00
260,Chase Daniel,2022,36,LAC,4,0,QB,DaniCh00
261,Sam Darnold,2022,25,CAR,6,6,QB,DarnSa00
262,Joshua Dobbs,2022,27,TEN,2,2,QB,DobbJo00
263,Jeff Driskel,2022,29,HOU,7,2,QB,DrisJe00
264,Jacob Eason,2022,25,CAR,1,0,QB,EasoJa00
265,Sam Ehlinger,2022,24,IND,4,3,QB,EhliSa00
266,Justin Fields,2022,23,CHI,15,15,QB,FielJu00
267,Joe Flacco,2022,37,NYJ,5,4,QB,FlacJo00
268,Nick Foles,2022,33,IND,3,2,QB,FoleNi00
269,Feleipe Franks,2022,25,ATL,11,1,QB,FranFe00
270,Blaine Gabbert,2022,33,TAM,1,0,QB,GabbBl00
271,Jimmy Garoppolo,2022,31,SFO,11,10,QB,GaroJi00
272,Jared Goff,2022,28,DET,17,17,QB,GoffJa00
273,Taylor Heinicke,2022,29,WAS,9,9,QB,HeinTa00
274,Chad Henne,2022,37,KAN,3,0,QB,HennCh01
275,Justin Herbert,2022,24,LAC,17,17,QB,HerbJu00
276,Taysom Hill,2022,32,NOR,16,8,TE/QB,HillTa00
277,Sam Howell,2022,22,WAS,1,1,QB,HoweSa00
278,Brian Hoyer,2022,37,NWE,1,1,QB,HoyeBr00
279,Tyler Huntley,2022,24,BAL,6,4,QB,HuntTy01
280,Jalen Hurts,2022,24,PHI,15,15,QB,HurtJa00
281,Lamar Jackson,2022,25,BAL,12,12,QB,JackLa00
282,Josh Johnson,2022,36,SFO,2,0,QB,JohnJo05
283,Daniel Jones,2022,25,NYG,16,16,QB,JoneDa05
284,Mac Jones,2022,24,NWE,14,14,QB,JoneMa05
285,Case Keenum,2022,34,BUF,2,0,QB,KeenCa00
286,Trey Lance,2022,22,SFO,2,2,QB,LancTr00
287,Trevor Lawrence,2022,23,JAX,17,17,QB,LawrTr00
288,Jordan Love,2022,24,GNB,4,0,QB,LoveJo03
289,Patrick Mahomes,2022,27,KAN,17,17,QB,MahoPa00
290,Marcus Mariota,2022,29,ATL,13,13,QB,MariMa01
291,Baker Mayfield,2022,27,CARLAR,12,10,QB,MayfBa00
292,Colt McCoy,2022,36,ARI,4,3,QB,McCoCo00
293,Trace McSorley,2022,27,ARI,6,1,QB,McSoTr00
294,Davis Mills,2022,24,HOU,15,15,QB,MillDa02
295,Gardner Minshew II,2022,26,PHI,5,2,QB,MinsGa00
296,Nick Mullens,2022,27,MIN,4,0,QB,MullNi00
297,Kyler Murray,2022,25,ARI,11,11,QB,MurrKy00
298,Bryce Perkins,2022,26,LAR,5,1,QB,PerkBr02
299,Nathan Peterman,2022,28,CHI,3,1,QB,PeteNa00
300,Kenny Pickett,2022,24,PIT,13,12,QB,PickKe00
301,Dak Prescott,2022,29,DAL,12,12,QB,PresDa01
302,Brock Purdy,2022,23,SFO,9,5,QB,PurdBr00
303,Desmond Ridder,2022,23,ATL,4,4,QB,RiddDe00
304,Aaron Rodgers,2022,39,GNB,17,17,QB,RodgAa00
305,Cooper Rush,2022,29,DAL,9,5,QB,RushCo00
306,Matt Ryan,2022,37,IND,12,12,QB,RyanMa00
307,Brett Rypien,2022,26,DEN,4,2,QB,RypiBr00
308,Trevor Siemian,2022,31,CHI,2,1,QB,SiemTr00
309,Geno Smith,2022,32,SEA,17,17,QB,SmitGe00
310,Matthew Stafford,2022,34,LAR,9,9,QB,StafMa00
311,Jarrett Stidham,2022,26,LVR,5,2,QB,StidJa00
312,Chris Streveler,2022,27,NYJ,2,1,QB,StreCh00
313,Nate Sudfeld,2022,29,DET,2,0,QB,SudfNa00
314,Tua Tagovailoa,2022,24,MIA,13,13,QB,TagoTu00
315,Ryan Tannehill,2022,34,TEN,12,12,QB,TannRy00
316,Tyrod Taylor,2022,33,NYG,3,0,QB,TaylTy00
317,Skylar Thompson,2022,25,MIA,7,2,QB,ThomSk00
318,Kyle Trask,2022,24,TAM,1,0,QB,TrasKy00
319,Mitchell Trubisky,2022,28,PIT,7,5,QB,TrubMi00
320,P.J. Walker,2022,27,CAR,6,5,QB,WalkPh00
321,Deshaun Watson,2022,27,CLE,6,6,QB,WatsDe00
322,Davis Webb,2022,27,NYG,1,1,QB,WebbDa00
323,Carson Wentz,2022,30,WAS,8,7,QB,WentCa00
324,Mike White,2022,27,NYJ,4,4,QB,WhitMi01
325,Malik Willis,2022,23,TEN,8,3,QB,WillMa12
326,Russell Wilson,2022,34,DEN,15,15,QB,WilsRu00
327,Zach Wilson,2022,23,NYJ,9,9,QB,WilsZa00
328,Jameis Winston,2022,28,NOR,3,3,QB,WinsJa00
329,John Wolford,2022,27,LAR,3,3,QB,WolfJo00
330,Logan Woodside,2022,27,ATL,1,0,QB,WoodLo00
331,Bailey Zappe,2022,23,NWE,4,2,QB,ZappBa00
332,Brandon Allen,2021,29,CIN,6,1,QB,AlleBr00
333,Josh Allen,2021,25,BUF,17,17,QB,AlleJo02
334,Kyle Allen,2021,25,WAS,2,0,QB,AlleKy00
335,C.J. Beathard,2021,28,JAX,2,0,QB,BeatC.00
336,Kurt Benkert,2021,26,GNB,1,0,QB,BenkKu01
337,David Blough,2021,26,DET,1,0,QB,BlouDa00
338,Ian Book,2021,23,NOR,1,1,QB,BookIa00
339,Tim Boyle,2021,27,DET,5,3,QB,BoylTi00
340,Tom Brady,2021,44,TAM,17,17,QB,BradTo00
341,Teddy Bridgewater,2021,29,DEN,14,14,QB,BridTe00
342,Jacoby Brissett,2021,29,MIA,11,5,QB,BrisJa00
343,Joe Burrow,2021,25,CIN,16,16,QB,BurrJo01
344,Derek Carr,2021,30,LVR,17,17,QB,CarrDe02
345,Kirk Cousins,2021,33,MIN,16,16,QB,CousKi00
346,Andy Dalton,2021,34,CHI,8,6,QB,DaltAn00
347,Chase Daniel,2021,35,LAC,1,0,QB,DaniCh00
348,Sam Darnold,2021,24,CAR,12,11,QB,DarnSa00
349,Jeff Driskel,2021,28,HOU,1,0,QB,DrisJe00
350,Jacob Eason,2021,24,IND,1,0,QB,EasoJa00
351,Sam Ehlinger,2021,23,IND,3,0,QB,EhliSa00
352,Justin Fields,2021,22,CHI,12,10,QB,FielJu00
353,Ryan Fitzpatrick,2021,39,WAS,1,1,QB,FitzRy00
354,Joe Flacco,2021,36,NYJ,2,1,QB,FlacJo00
355,Nick Foles,2021,32,CHI,1,1,QB,FoleNi00
356,Feleipe Franks,2021,24,ATL,9,0,QB,FranFe00
357,Jake Fromm,2021,23,NYG,3,2,QB,FromJa00
358,Blaine Gabbert,2021,32,TAM,6,0,QB,GabbBl00
359,Jimmy Garoppolo,2021,30,SFO,15,15,QB,GaroJi00
360,Garrett Gilbert,2021,30,WAS,1,1,QB,GilbGa01
361,Mike Glennon,2021,32,NYG,6,4,QB,GlenMi00
362,Jared Goff,2021,27,DET,14,14,QB,GoffJa00
363,Taylor Heinicke,2021,28,WAS,16,15,QB,HeinTa00
364,Chad Henne,2021,36,KAN,4,0,QB,HennCh01
365,Justin Herbert,2021,23,LAC,17,17,QB,HerbJu00
366,Taysom Hill,2021,31,NOR,12,9,QB/WR,HillTa00
367,Kevin Hogan,2021,29,TEN,1,0,QB,HogaKe00
368,Brian Hoyer,2021,36,NWE,5,0,QB,HoyeBr00
369,Tyler Huntley,2021,23,BAL,7,4,QB,HuntTy01
370,Jalen Hurts,2021,23,PHI,15,15,QB,HurtJa00
371,Lamar Jackson,2021,24,BAL,12,12,QB,JackLa00
372,Josh Johnson,2021,35,NYJBAL,4,1,QB,JohnJo05
373,Daniel Jones,2021,24,NYG,11,11,QB,JoneDa05
374,Mac Jones,2021,23,NWE,17,17,QB,JoneMa05
375,Case Keenum,2021,33,CLE,7,2,QB,KeenCa00
376,Trey Lance,2021,21,SFO,6,2,QB,LancTr00
377,Trevor Lawrence,2021,22,JAX,17,17,QB,LawrTr00
378,Drew Lock,2021,25,DEN,6,3,QB,LockDr00
379,Jordan Love,2021,23,GNB,6,1,QB,LoveJo03
380,Patrick Mahomes,2021,26,KAN,17,17,QB,MahoPa00
381,Sean Mannion,2021,29,MIN,1,1,QB,MannSe00
382,Marcus Mariota,2021,28,LVR,10,0,QB,MariMa01
383,Baker Mayfield,2021,26,CLE,14,14,QB,MayfBa00
384,Colt McCoy,2021,35,ARI,8,3,QB,McCoCo00
385,Davis Mills,2021,23,HOU,13,11,QB,MillDa02
386,Gardner Minshew II,2021,25,PHI,4,2,QB,MinsGa00
387,Kellen Mond,2021,22,MIN,1,0,QB,MondKe00
388,Nick Mullens,2021,26,CLE,1,1,QB,MullNi00
389,Kyler Murray,2021,24,ARI,14,14,QB,MurrKy00
390,Cam Newton,2021,32,CAR,8,5,QB,NewtCa00
391,Nathan Peterman,2021,27,LVR,1,0,QB,PeteNa00
392,Dak Prescott,2021,28,DAL,16,16,QB,PresDa01
393,Aaron Rodgers,2021,38,GNB,16,16,QB,RodgAa00
394,Ben Roethlisberger,2021,39,PIT,16,16,QB,RoetBe00
395,Josh Rosen,2021,24,ATL,4,0,QB,RoseJo01
396,Mason Rudolph,2021,26,PIT,2,1,QB,RudoMa00
397,Cooper Rush,2021,28,DAL,5,1,QB,RushCo00
398,Matt Ryan,2021,36,ATL,17,17,QB,RyanMa00
399,Brett Rypien,2021,25,DEN,1,0,QB,RypiBr00
400,Trevor Siemian,2021,30,NOR,6,4,QB,SiemTr00
401,Geno Smith,2021,31,SEA,4,3,QB,SmitGe00
402,Matthew Stafford,2021,33,LAR,17,17,QB,StafMa00
403,Chris Streveler,2021,26,ARI,2,0,QB,StreCh00
404,Tua Tagovailoa,2021,23,MIA,13,12,QB,TagoTu00
405,Ryan Tannehill,2021,33,TEN,17,17,QB,TannRy00
406,Tyrod Taylor,2021,32,HOU,6,6,QB,TaylTy00
407,Mitchell Trubisky,2021,27,BUF,6,0,QB,TrubMi00
408,P.J. Walker,2021,26,CAR,5,1,QB,WalkPh00
409,Davis Webb,2021,26,BUF,1,0,QB,WebbDa00
410,Carson Wentz,2021,29,IND,17,17,QB,WentCa00
411,Mike White,2021,26,NYJ,4,3,QB,WhitMi01
412,Russell Wilson,2021,33,SEA,14,14,QB,WilsRu00
413,Zach Wilson,2021,22,NYJ,13,13,QB,WilsZa00
414,Jameis Winston,2021,27,NOR,7,7,QB,WinsJa00
415,John Wolford,2021,26,LAR,3,0,QB,WolfJo00
416,Logan Woodside,2021,26,TEN,5,0,QB,WoodLo00
417,Brandon Allen,2020,28,CIN,5,5,QB,AlleBr00
418,Josh Allen,2020,24,BUF,16,16,QB,AlleJo02
419,Kyle Allen,2020,24,WAS,4,4,QB,AlleKy00
420,Matt Barkley,2020,30,BUF,5,0,QB,BarkMa00
421,C.J. Beathard,2020,27,SFO,6,2,QB,BeatC.00
422,David Blough,2020,25,DET,1,0,QB,BlouDa00
423,Tim Boyle,2020,26,GNB,8,0,QB,BoylTi00
424,Tom Brady,2020,43,TAM,16,16,QB,BradTo00
425,Tyler Bray,2020,29,CHI,1,0,QB,BrayTy00
426,Drew Brees,2020,41,NOR,12,12,QB,BreeDr00
427,Teddy Bridgewater,2020,28,CAR,15,15,QB,BridTe00
428,Jacoby Brissett,2020,28,IND,11,0,QB,BrisJa00
429,Joe Burrow,2020,24,CIN,10,10,QB,BurrJo01
430,Derek Carr,2020,29,LVR,16,16,QB,CarrDe02
431,Kirk Cousins,2020,32,MIN,16,16,QB,CousKi00
432,Andy Dalton,2020,33,DAL,11,9,QB,DaltAn00
433,Chase Daniel,2020,34,DET,4,0,QB,DaniCh00
434,Sam Darnold,2020,23,NYJ,12,12,QB,DarnSa00
435,Ben DiNucci,2020,24,DAL,3,1,QB,DiNuBe00
436,Joshua Dobbs,2020,25,PIT,1,0,QB,DobbJo00
437,Jeff Driskel,2020,27,DEN,3,1,QB,DrisJe00
438,Ryan Finley,2020,26,CIN,5,1,QB,FinlRy00
439,Ryan Fitzpatrick,2020,38,MIA,9,7,QB,FitzRy00
440,Joe Flacco,2020,35,NYJ,5,4,QB,FlacJo00
441,Nick Foles,2020,31,CHI,9,7,QB,FoleNi00
442,Blaine Gabbert,2020,31,TAM,4,0,QB,GabbBl00
443,Jimmy Garoppolo,2020,29,SFO,6,6,QB,GaroJi00
444,Garrett Gilbert,2020,29,DAL,1,1,QB,GilbGa01
445,Mike Glennon,2020,31,JAX,5,5,QB,GlenMi00
446,Jared Goff,2020,26,LAR,15,15,QB,GoffJa00
447,Robert Griffin III,2020,30,BAL,4,1,QB,GrifRo01
448,Dwayne Haskins,2020,23,WAS,7,6,QB,HaskDw00
449,Taylor Heinicke,2020,27,WAS,1,0,QB,HeinTa00
450,Chad Henne,2020,35,KAN,3,1,QB,HennCh01
451,Justin Herbert,2020,22,LAC,15,15,QB,HerbJu00
452,Taysom Hill,2020,30,NOR,16,8,QB/WR,HillTa00
453,Brian Hoyer,2020,35,NWE,1,1,QB,HoyeBr00
454,Tyler Huntley,2020,22,BAL,2,0,QB,HuntTy01
455,Jalen Hurts,2020,22,PHI,15,4,QB,HurtJa00
456,Lamar Jackson,2020,23,BAL,15,15,QB,JackLa00
457,Daniel Jones,2020,23,NYG,14,14,QB,JoneDa05
458,Case Keenum,2020,32,CLE,2,0,QB,KeenCa00
459,Drew Lock,2020,24,DEN,13,13,QB,LockDr00
460,Jake Luton,2020,24,JAX,3,3,QB,LutoJa00
461,Patrick Mahomes,2020,25,KAN,15,15,QB,MahoPa00
462,Marcus Mariota,2020,27,LVR,1,0,QB,MariMa01
463,Baker Mayfield,2020,25,CLE,16,16,QB,MayfBa00
464,A.J. McCarron,2020,30,HOU,2,0,QB,McCaA.00
465,Colt McCoy,2020,34,NYG,4,2,QB,McCoCo00
466,Trace McSorley,2020,25,BAL,2,0,QB,McSoTr00
467,Gardner Minshew II,2020,24,JAX,9,8,QB,MinsGa00
468,Nick Mullens,2020,25,SFO,10,8,QB,MullNi00
469,Kyler Murray,2020,23,ARI,16,16,QB,MurrKy00
470,Cam Newton,2020,31,NWE,15,15,QB,NewtCa00
471,Nathan Peterman,2020,26,LVR,1,0,QB,PeteNa00
472,Dak Prescott,2020,27,DAL,5,5,QB,PresDa01
473,Philip Rivers,2020,39,IND,16,16,QB,RivePh00
474,Aaron Rodgers,2020,37,GNB,16,16,QB,RodgAa00
475,Ben Roethlisberger,2020,38,PIT,15,15,QB,RoetBe00
476,Mason Rudolph,2020,25,PIT,5,1,QB,RudoMa00
477,Matt Ryan,2020,35,ATL,16,16,QB,RyanMa00
478,Brett Rypien,2020,24,DEN,3,1,QB,RypiBr00
479,Matt Schaub,2020,39,ATL,1,0,QB,SchaMa00
480,Alex Smith,2020,36,WAS,8,6,QB,SmitAl03
481,Geno Smith,2020,30,SEA,1,0,QB,SmitGe00
482,Matthew Stafford,2020,32,DET,16,16,QB,StafMa00
483,Tommy Stevens,2020,24,CAR,1,0,QB,StevTo01
484,Easton Stick,2020,25,LAC,1,0,QB,SticEa00
485,Jarrett Stidham,2020,24,NWE,5,0,QB,StidJa00
486,Chris Streveler,2020,25,ARI,5,0,QB,StreCh00
487,Nate Sudfeld,2020,27,PHI,1,0,QB,SudfNa00
488,Tua Tagovailoa,2020,22,MIA,10,9,QB,TagoTu00
489,Ryan Tannehill,2020,32,TEN,16,16,QB,TannRy00
490,Tyrod Taylor,2020,31,LAC,2,1,QB,TaylTy00
491,Mitchell Trubisky,2020,26,CHI,10,9,QB,TrubMi00
492,P.J. Walker,2020,25,CAR,4,1,QB,WalkPh00
493,Deshaun Watson,2020,25,HOU,16,16,QB,WatsDe00
494,Carson Wentz,2020,28,PHI,12,12,QB,WentCa00
495,Russell Wilson,2020,32,SEA,16,16,QB,WilsRu00
496,Jameis Winston,2020,26,NOR,4,0,QB,WinsJa00
497,John Wolford,2020,25,LAR,1,1,QB,WolfJo00
498,Logan Woodside,2020,25,TEN,6,0,QB,WoodLo00
499,Brandon Allen,2019,27,DEN,3,3,QB,AlleBr00
500,Josh Allen,2019,23,BUF,16,16,QB,AlleJo02
501,Kyle Allen,2019,23,CAR,13,12,QB,AlleKy00
502,Matt Barkley,2019,29,BUF,2,0,QB,BarkMa00
503,David Blough,2019,24,DET,5,5,QB,BlouDa00
504,Blake Bortles,2019,27,LAR,3,0,QB,BortBl00
505,Tim Boyle,2019,25,GNB,3,0,QB,BoylTi00
506,Tom Brady,2019,42,NWE,16,16,QB,BradTo00
507,Drew Brees,2019,40,NOR,11,11,QB,BreeDr00
508,Teddy Bridgewater,2019,27,NOR,9,5,QB,BridTe00
509,Jacoby Brissett,2019,27,IND,15,15,QB,BrisJa00
510,Derek Carr,2019,28,OAK,16,16,QB,CarrDe02
511,Kirk Cousins,2019,31,MIN,15,15,QB,CousKi00
512,Andy Dalton,2019,32,CIN,13,13,QB,DaltAn00
513,Chase Daniel,2019,33,CHI,3,1,QB,DaniCh00
514,Sam Darnold,2019,22,NYJ,13,13,QB,DarnSa00
515,Jeff Driskel,2019,26,DET,3,3,QB,DrisJe00
516,David Fales,2019,29,NYJ,2,0,QB,FaleDa00
517,Luke Falk,2019,25,NYJ,3,2,QB,FalkLu00
518,Ryan Finley,2019,25,CIN,3,3,QB,FinlRy00
519,Ryan Fitzpatrick,2019,37,MIA,15,13,QB,FitzRy00
520,Joe Flacco,2019,34,DEN,8,8,QB,FlacJo00
521,Nick Foles,2019,30,JAX,4,4,QB,FoleNi00
522,Jimmy Garoppolo,2019,28,SFO,16,16,QB,GaroJi00
523,Garrett Gilbert,2019,28,CLE,5,0,QB,GilbGa01
524,Mike Glennon,2019,30,OAK,2,0,QB,GlenMi00
525,Jared Goff,2019,25,LAR,16,16,QB,GoffJa00
526,Will Grier,2019,24,CAR,2,2,QB,GrieWi00
527,Robert Griffin III,2019,29,BAL,7,1,QB,GrifRo01
528,Ryan Griffin,2019,30,TAM,2,0,QB,GrifRy01
529,Dwayne Haskins,2019,22,WAS,9,7,QB,HaskDw00
530,Taysom Hill,2019,29,NOR,16,5,WR/QB,HillTa00
531,Devlin Hodges,2019,23,PIT,8,6,QB,HodgDe00
532,Brian Hoyer,2019,34,IND,4,1,QB,HoyeBr00
533,Brett Hundley,2019,26,ARI,3,0,QB,HundBr00
534,Lamar Jackson,2019,22,BAL,15,15,QB,JackLa00
535,Daniel Jones,2019,22,NYG,13,12,QB,JoneDa05
536,Case Keenum,2019,31,WAS,10,8,QB,KeenCa00
537,Drew Lock,2019,23,DEN,5,5,QB,LockDr00
538,Patrick Mahomes,2019,24,KAN,14,14,QB,MahoPa00
539,Eli Manning,2019,38,NYG,4,4,QB,MannEl00
540,Sean Mannion,2019,27,MIN,3,1,QB,MannSe00
541,Marcus Mariota,2019,26,TEN,7,6,QB,MariMa01
542,Baker Mayfield,2019,24,CLE,16,16,QB,MayfBa00
543,A.J. McCarron,2019,29,HOU,2,1,QB,McCaA.00
544,Colt McCoy,2019,33,WAS,1,1,QB,McCoCo00
545,Josh McCown,2019,40,PHI,3,0,QB,McCoJo01
546,Trace McSorley,2019,24,BAL,1,0,QB,McSoTr00
547,Gardner Minshew II,2019,23,JAX,14,12,QB,MinsGa00
548,Matt Moore,2019,35,KAN,6,2,QB,MoorMa01
549,Nick Mullens,2019,24,SFO,1,0,QB,MullNi00
550,Kyler Murray,2019,22,ARI,16,16,QB,MurrKy00
551,Cam Newton,2019,30,CAR,2,2,QB,NewtCa00
552,Dak Prescott,2019,26,DAL,16,16,QB,PresDa01
553,Philip Rivers,2019,38,LAC,16,16,QB,RivePh00
554,Aaron Rodgers,2019,36,GNB,16,16,QB,RodgAa00
555,Ben Roethlisberger,2019,37,PIT,2,2,QB,RoetBe00
556,Josh Rosen,2019,22,MIA,6,3,QB,RoseJo01
557,Mason Rudolph,2019,24,PIT,10,8,QB,RudoMa00
558,Cooper Rush,2019,26,DAL,2,0,QB,RushCo00
559,Matt Ryan,2019,34,ATL,15,15,QB,RyanMa00
560,Matt Schaub,2019,38,ATL,6,1,QB,SchaMa00
561,Trevor Siemian,2019,28,NYJ,1,1,QB,SiemTr00
562,Matthew Stafford,2019,31,DET,8,8,QB,StafMa00
563,Jarrett Stidham,2019,23,NWE,3,0,QB,StidJa00
564,Alex Tanney,2019,32,NYG,1,0,QB,TannAl00
565,Ryan Tannehill,2019,31,TEN,12,10,QB,TannRy00
566,Tyrod Taylor,2019,30,LAC,8,0,QB,TaylTy00
567,Mitchell Trubisky,2019,25,CHI,15,15,QB,TrubMi00
568,Deshaun Watson,2019,24,HOU,15,15,QB,WatsDe00
569,Carson Wentz,2019,27,PHI,16,16,QB,WentCa00
570,Russell Wilson,2019,31,SEA,16,16,QB,WilsRu00
571,Jameis Winston,2019,25,TAM,16,16,QB,WinsJa00
572,Josh Allen,2018,22,BUF,12,11,QB,AlleJo02
573,Kyle Allen,2018,22,CAR,2,1,QB,AlleKy00
574,Derek Anderson,2018,35,BUF,2,2,QB,AndeDe00
575,Matt Barkley,2018,28,BUF,1,1,QB,BarkMa00
576,C.J. Beathard,2018,25,SFO,6,5,QB,BeatC.00
577,Blake Bortles,2018,26,JAX,13,12,QB,BortBl00
578,Sam Bradford,2018,31,ARI,3,3,QB,BradSa00
579,Tom Brady,2018,41,NWE,16,16,QB,BradTo00
580,Drew Brees,2018,39,NOR,15,15,QB,BreeDr00
581,Teddy Bridgewater,2018,26,NOR,5,1,QB,BridTe00
582,Jacoby Brissett,2018,26,IND,4,0,QB,BrisJa00
583,Derek Carr,2018,27,OAK,16,16,QB,CarrDe02
584,Matt Cassel,2018,36,DET,2,0,QB,CassMa00
585,Kirk Cousins,2018,30,MIN,16,16,QB,CousKi00
586,Andy Dalton,2018,31,CIN,11,11,QB,DaltAn00
587,Chase Daniel,2018,32,CHI,5,2,QB,DaniCh00
588,Sam Darnold,2018,21,NYJ,13,13,QB,DarnSa00
589,Joshua Dobbs,2018,23,PIT,5,0,QB,DobbJo00
590,Jeff Driskel,2018,25,CIN,9,5,QB,DrisJe00
591,Ryan Fitzpatrick,2018,36,TAM,8,7,QB,FitzRy00
592,Joe Flacco,2018,33,BAL,9,9,QB,FlacJo00
593,Nick Foles,2018,29,PHI,5,5,QB,FoleNi00
594,Blaine Gabbert,2018,29,TEN,8,3,QB,GabbBl00
595,Jimmy Garoppolo,2018,27,SFO,3,3,QB,GaroJi00
596,Garrett Gilbert,2018,27,CAR,1,0,QB,GilbGa01
597,Mike Glennon,2018,29,ARI,2,0,QB,GlenMi00
598,Jared Goff,2018,24,LAR,16,16,QB,GoffJa00
599,Robert Griffin III,2018,28,BAL,3,0,QB,GrifRo01
600,Taylor Heinicke,2018,25,CAR,6,1,QB,HeinTa00
601,Chad Henne,2018,33,KAN,1,0,QB,HennCh01
602,Taysom Hill,2018,28,NOR,16,4,QB,HillTa00
603,Brian Hoyer,2018,33,NWE,5,0,QB,HoyeBr00
604,Lamar Jackson,2018,21,BAL,16,7,QB,JackLa00
605,Josh Johnson,2018,32,WAS,4,3,QB,JohnJo05
606,Case Keenum,2018,30,DEN,16,16,QB,KeenCa00
607,Chad Kelly,2018,24,DEN,1,0,QB,KellCh00
608,Cody Kessler,2018,25,JAX,5,4,QB,KessCo00
609,DeShone Kizer,2018,22,GNB,3,0,QB,KizeDe00
610,Kyle Lauletta,2018,23,NYG,2,0,QB,LaulKy00
611,Andrew Luck,2018,29,IND,16,16,QB,LuckAn00
612,Patrick Mahomes,2018,23,KAN,16,16,QB,MahoPa00
613,Eli Manning,2018,37,NYG,16,16,QB,MannEl00
614,Sean Mannion,2018,26,LAR,3,0,QB,MannSe00
615,Marcus Mariota,2018,25,TEN,14,13,QB,MariMa01
616,Baker Mayfield,2018,23,CLE,14,13,QB,MayfBa00
617,A.J. McCarron,2018,28,OAK,2,0,QB,McCaA.00
618,Colt McCoy,2018,32,WAS,3,2,QB,McCoCo00
619,Josh McCown,2018,39,NYJ,4,3,QB,McCoJo01
620,Nick Mullens,2018,23,SFO,8,8,QB,MullNi00
621,Cam Newton,2018,29,CAR,14,14,QB,NewtCa00
622,Brock Osweiler,2018,28,MIA,7,5,QB,OsweBr00
623,Nathan Peterman,2018,24,BUF,4,2,QB,PeteNa00
624,Dak Prescott,2018,25,DAL,16,16,QB,PresDa01
625,Philip Rivers,2018,37,LAC,16,16,QB,RivePh00
626,Aaron Rodgers,2018,35,GNB,16,16,QB,RodgAa00
627,Ben Roethlisberger,2018,36,PIT,16,16,QB,RoetBe00
628,Josh Rosen,2018,21,ARI,14,13,QB,RoseJo01
629,Cooper Rush,2018,25,DAL,1,0,QB,RushCo00
630,Matt Ryan,2018,33,ATL,16,16,QB,RyanMa00
631,Mark Sanchez,2018,32,WAS,2,1,QB,SancMa00
632,Matt Schaub,2018,37,ATL,3,0,QB,SchaMa00
633,Alex Smith,2018,34,WAS,10,10,QB,SmitAl03
634,Geno Smith,2018,28,LAC,5,0,QB,SmitGe00
635,Matthew Stafford,2018,30,DET,16,16,QB,StafMa00
636,Nate Sudfeld,2018,25,PHI,2,0,QB,SudfNa00
637,Ryan Tannehill,2018,30,MIA,11,11,QB,TannRy00
638,Tyrod Taylor,2018,29,CLE,4,3,QB,TaylTy00
639,Mitchell Trubisky,2018,24,CHI,14,14,QB,TrubMi00
640,Deshaun Watson,2018,23,HOU,16,16,QB,WatsDe00
641,Brandon Weeden,2018,35,HOU,1,0,QB,WeedBr00
642,Carson Wentz,2018,26,PHI,11,11,QB,WentCa00
643,Russell Wilson,2018,30,SEA,16,16,QB,WilsRu00
644,Jameis Winston,2018,24,TAM,11,9,QB,WinsJa00
645,Derek Anderson,2017,34,CAR,3,0,QB,AndeDe00
646,C.J. Beathard,2017,24,SFO,7,5,QB,BeatC.00
647,Blake Bortles,2017,25,JAX,16,16,QB,BortBl00
648,Sam Bradford,2017,30,MIN,2,2,QB,BradSa00
649,Tom Brady,2017,40,NWE,16,16,QB,BradTo00
650,Tyler Bray,2017,26,KAN,1,0,QB,BrayTy00
651,Drew Brees,2017,38,NOR,16,16,QB,BreeDr00
652,Teddy Bridgewater,2017,25,MIN,1,0,QB,BridTe00
653,Jacoby Brissett,2017,25,IND,16,15,QB,BrisJa00
654,Joe Callahan,2017,24,GNB,1,0,QB,CallJo00
655,Derek Carr,2017,26,OAK,15,15,QB,CarrDe02
656,Matt Cassel,2017,35,TEN,2,1,QB,CassMa00
657,Kellen Clemens,2017,34,LAC,8,0,QB,ClemKe00
658,Kirk Cousins,2017,29,WAS,16,16,QB,CousKi00
659,Jay Cutler,2017,34,MIA,14,14,QB,CutlJa00
660,Andy Dalton,2017,30,CIN,16,16,QB,DaltAn00
661,Chase Daniel,2017,31,NOR,1,0,QB,DaniCh00
662,Austin Davis,2017,28,SEA,3,0,QB,DaviAu00
663,David Fales,2017,27,MIA,2,0,QB,FaleDa00
664,Ryan Fitzpatrick,2017,35,TAM,6,3,QB,FitzRy00
665,Joe Flacco,2017,32,BAL,16,16,QB,FlacJo00
666,Nick Foles,2017,28,PHI,7,3,QB,FoleNi00
667,Blaine Gabbert,2017,28,ARI,5,5,QB,GabbBl00
668,Jimmy Garoppolo,2017,26,SFO,6,5,QB,GaroJi00
669,Mike Glennon,2017,28,CHI,4,4,QB,GlenMi00
670,Jared Goff,2017,23,LAR,15,15,QB,GoffJa00
671,Taylor Heinicke,2017,24,HOU,1,0,QB,HeinTa00
672,Chad Henne,2017,32,JAX,2,0,QB,HennCh01
673,Taysom Hill,2017,27,NOR,5,0,QB,HillTa00
674,Kevin Hogan,2017,25,CLE,4,1,QB,HogaKe00
675,Brian Hoyer,2017,32,NWESFO,11,6,QB,HoyeBr00
676,Brett Hundley,2017,24,GNB,11,9,QB,HundBr00
677,Landry Jones,2017,28,PIT,3,1,QB,JoneLa02
678,Case Keenum,2017,29,MIN,15,14,QB,KeenCa00
679,Cody Kessler,2017,24,CLE,3,0,QB,KessCo00
680,DeShone Kizer,2017,21,CLE,15,15,QB,KizeDe00
681,Paxton Lynch,2017,23,DEN,2,2,QB,LyncPa00
682,Patrick Mahomes,2017,22,KAN,1,1,QB,MahoPa00
683,Ryan Mallett,2017,29,BAL,2,0,QB,MallRy00
684,Eli Manning,2017,36,NYG,15,15,QB,MannEl00
685,Sean Mannion,2017,25,LAR,5,1,QB,MannSe00
686,EJ Manuel,2017,27,OAK,2,1,QB,ManuEJ00
687,Marcus Mariota,2017,24,TEN,15,15,QB,MariMa01
688,A.J. McCarron,2017,27,CIN,3,0,QB,McCaA.00
689,Colt McCoy,2017,31,WAS,1,0,QB,McCoCo00
690,Josh McCown,2017,38,NYJ,13,13,QB,McCoJo01
691,Matt Moore,2017,33,MIA,4,2,QB,MoorMa01
692,Cam Newton,2017,28,CAR,16,16,QB,NewtCa00
693,Brock Osweiler,2017,27,DEN,6,4,QB,OsweBr00
694,Carson Palmer,2017,38,ARI,7,7,QB,PalmCa00
695,Nathan Peterman,2017,23,BUF,4,2,QB,PeteNa00
696,Bryce Petty,2017,26,NYJ,4,3,QB,PettBr01
697,Dak Prescott,2017,24,DAL,16,16,QB,PresDa01
698,Philip Rivers,2017,36,LAC,16,16,QB,RivePh00
699,Aaron Rodgers,2017,34,GNB,7,7,QB,RodgAa00
700,Ben Roethlisberger,2017,35,PIT,15,15,QB,RoetBe00
701,Jake Rudock,2017,24,DET,3,0,QB,RudoJa00
702,Cooper Rush,2017,24,DAL,2,0,QB,RushCo00
703,Matt Ryan,2017,32,ATL,16,16,QB,RyanMa00
704,Tom Savage,2017,27,HOU,8,7,QB,SavaTo00
705,Trevor Siemian,2017,26,DEN,11,10,QB,SiemTr00
706,Alex Smith,2017,33,KAN,15,15,QB,SmitAl03
707,Geno Smith,2017,27,NYG,2,1,QB,SmitGe00
708,Matthew Stafford,2017,29,DET,16,16,QB,StafMa00
709,Drew Stanton,2017,33,ARI,5,4,QB,StanDr00
710,Nate Sudfeld,2017,24,PHI,1,0,QB,SudfNa00
711,Tyrod Taylor,2017,28,BUF,15,14,QB,TaylTy00
712,Scott Tolzien,2017,30,IND,1,1,QB,TolzSc00
713,Mitchell Trubisky,2017,23,CHI,12,12,QB,TrubMi00
714,Deshaun Watson,2017,22,HOU,7,6,QB,WatsDe00
715,Carson Wentz,2017,25,PHI,13,13,QB,WentCa00
716,Russell Wilson,2017,29,SEA,16,16,QB,WilsRu00
717,Jameis Winston,2017,23,TAM,13,13,QB,WinsJa00
718,T.J. Yates,2017,30,HOU,4,3,QB,YateT.00
719,Derek Anderson,2016,33,CAR,5,2,QB,AndeDe00
720,Matt Barkley,2016,26,CHI,7,6,QB,BarkMa00
721,Blake Bortles,2016,24,JAX,16,16,QB,BortBl00
722,Trevone Boykin,2016,23,SEA,5,0,QB,BoykTr00
723,Sam Bradford,2016,29,MIN,15,15,QB,BradSa00
724,Tom Brady,2016,39,NWE,12,12,QB,BradTo00
725,Drew Brees,2016,37,NOR,16,16,QB,BreeDr00
726,Jacoby Brissett,2016,24,NWE,3,2,QB,BrisJa00
727,Derek Carr,2016,25,OAK,15,15,QB,CarrDe02
728,Matt Cassel,2016,34,TEN,4,1,QB,CassMa00
729,Kellen Clemens,2016,33,SDG,12,0,QB,ClemKe00
730,Connor Cook,2016,23,OAK,1,0,QB,CookCo00
731,Kirk Cousins,2016,28,WAS,16,16,QB,CousKi00
732,Jay Cutler,2016,33,CHI,5,5,QB,CutlJa00
733,Andy Dalton,2016,29,CIN,16,16,QB,DaltAn00
734,Chase Daniel,2016,30,PHI,1,0,QB,DaniCh00
735,David Fales,2016,26,CHI,1,0,QB,FaleDa00
736,Ryan Fitzpatrick,2016,34,NYJ,14,11,QB,FitzRy00
737,Joe Flacco,2016,31,BAL,16,16,QB,FlacJo00
738,Nick Foles,2016,27,KAN,3,1,QB,FoleNi00
739,Blaine Gabbert,2016,27,SFO,6,5,QB,GabbBl00
740,Jimmy Garoppolo,2016,25,NWE,6,2,QB,GaroJi00
741,Mike Glennon,2016,27,TAM,2,0,QB,GlenMi00
742,Jared Goff,2016,22,LAR,7,7,QB,GoffJa00
743,Robert Griffin III,2016,26,CLE,5,5,QB,GrifRo01
744,Chad Henne,2016,31,JAX,1,0,QB,HennCh01
745,Shaun Hill,2016,36,MIN,3,1,QB,HillSh00
746,Kevin Hogan,2016,24,CLE,4,0,QB,HogaKe00
747,Brian Hoyer,2016,31,CHI,6,5,QB,HoyeBr00
748,Brett Hundley,2016,23,GNB,4,0,QB,HundBr00
749,Cardale Jones,2016,24,BUF,1,0,QB,JoneCa01
750,Landry Jones,2016,27,PIT,8,2,QB,JoneLa02
751,Colin Kaepernick,2016,29,SFO,12,11,QB,KaepCo00
752,Case Keenum,2016,28,LAR,10,9,QB,KeenCa00
753,Cody Kessler,2016,23,CLE,9,8,QB,KessCo00
754,Andrew Luck,2016,27,IND,15,15,QB,LuckAn00
755,Paxton Lynch,2016,22,DEN,3,2,QB,LyncPa00
756,Ryan Mallett,2016,28,BAL,4,0,QB,MallRy00
757,Eli Manning,2016,35,NYG,16,16,QB,MannEl00
758,Sean Mannion,2016,24,LAR,1,0,QB,MannSe00
759,EJ Manuel,2016,26,BUF,6,1,QB,ManuEJ00
760,Marcus Mariota,2016,23,TEN,15,15,QB,MariMa01
761,A.J. McCarron,2016,26,CIN,1,0,QB,McCaA.00
762,Josh McCown,2016,37,CLE,5,3,QB,McCoJo01
763,Matt McGloin,2016,27,OAK,3,1,QB,McGlMa01
764,Matt Moore,2016,32,MIA,4,3,QB,MoorMa01
765,Cam Newton,2016,27,CAR,15,14,QB,NewtCa00
766,Brock Osweiler,2016,26,HOU,15,14,QB,OsweBr00
767,Carson Palmer,2016,37,ARI,15,15,QB,PalmCa00
768,Bryce Petty,2016,25,NYJ,6,4,QB,PettBr01
769,Dak Prescott,2016,23,DAL,16,16,QB,PresDa01
770,Philip Rivers,2016,35,SDG,16,16,QB,RivePh00
771,Aaron Rodgers,2016,33,GNB,16,16,QB,RodgAa00
772,Ben Roethlisberger,2016,34,PIT,14,14,QB,RoetBe00
773,Tony Romo,2016,36,DAL,1,0,QB,RomoTo00
774,Matt Ryan,2016,31,ATL,16,16,QB,RyanMa00
775,Mark Sanchez,2016,30,DAL,2,0,QB,SancMa00
776,Tom Savage,2016,26,HOU,3,2,QB,SavaTo00
777,Matt Schaub,2016,35,ATL,4,0,QB,SchaMa00
778,Trevor Siemian,2016,25,DEN,14,14,QB,SiemTr00
779,Alex Smith,2016,32,KAN,15,15,QB,SmitAl03
780,Geno Smith,2016,26,NYJ,2,1,QB,SmitGe00
781,Matthew Stafford,2016,28,DET,16,16,QB,StafMa00
782,Drew Stanton,2016,32,ARI,5,1,QB,StanDr00
783,Ryan Tannehill,2016,28,MIA,13,13,QB,TannRy00
784,Tyrod Taylor,2016,27,BUF,15,15,QB,TaylTy00
785,Scott Tolzien,2016,29,IND,3,1,QB,TolzSc00
786,Carson Wentz,2016,24,PHI,16,16,QB,WentCa00
787,Charlie Whitehurst,2016,34,CLE,1,0,QB,WhitCh02
788,Russell Wilson,2016,28,SEA,16,16,QB,WilsRu00
789,Jameis Winston,2016,22,TAM,16,16,QB,WinsJa00
790,T.J. Yates,2016,29,MIA,0,0,QB,YateT.00
791,Derek Anderson,2015,32,CAR,3,0,QB,AndeDe00
792,Blake Bortles,2015,23,JAX,16,16,QB,BortBl00
793,Sam Bradford,2015,28,PHI,14,14,QB,BradSa00
794,Tom Brady,2015,38,NWE,16,16,QB,BradTo00
795,Drew Brees,2015,36,NOR,15,15,QB,BreeDr00
796,Teddy Bridgewater,2015,23,MIN,16,16,QB,BridTe00
797,Derek Carr,2015,24,OAK,16,16,QB,CarrDe02
798,Matt Cassel,2015,33,BUFDAL,9,8,QB,CassMa00
799,Jimmy Clausen,2015,28,CHIBAL,4,3,QB,ClauJi00
800,Kellen Clemens,2015,32,SDG,2,0,QB,ClemKe00
801,Kirk Cousins,2015,27,WAS,16,16,QB,CousKi00
802,Jay Cutler,2015,32,CHI,15,15,QB,CutlJa00
803,Andy Dalton,2015,28,CIN,13,13,QB,DaltAn00
804,B.J. Daniels,2015,27,HOUSEA,8,0,QB,DaniB.00
805,Chase Daniel,2015,29,KAN,2,0,QB,DaniCh00
806,Austin Davis,2015,26,CLE,3,2,QB,DaviAu00
807,Ryan Fitzpatrick,2015,33,NYJ,16,16,QB,FitzRy00
808,Joe Flacco,2015,30,BAL,10,10,QB,FlacJo00
809,Nick Foles,2015,26,STL,11,11,QB,FoleNi00
810,Josh Freeman,2015,27,IND,1,1,QB,FreeJo00
811,Blaine Gabbert,2015,26,SFO,8,8,QB,GabbBl00
812,Jimmy Garoppolo,2015,24,NWE,5,0,QB,GaroJi00
813,Matt Hasselbeck,2015,40,IND,8,8,QB,HassMa00
814,Shaun Hill,2015,35,MIN,3,0,QB,HillSh00
815,Brian Hoyer,2015,30,HOU,11,9,QB,HoyeBr00
816,Tarvaris Jackson,2015,32,SEA,4,0,QB,JackTa00
817,Landry Jones,2015,26,PIT,7,2,QB,JoneLa02
818,Colin Kaepernick,2015,28,SFO,9,8,QB,KaepCo00
819,Case Keenum,2015,27,STL,6,5,QB,KeenCa00
820,Ryan Lindley,2015,26,IND,1,0,QB,LindRy00
821,Andrew Luck,2015,26,IND,7,7,QB,LuckAn00
822,Ryan Mallett,2015,27,HOUBAL,8,6,QB,MallRy00
823,Eli Manning,2015,34,NYG,16,16,QB,MannEl00
824,Peyton Manning,2015,39,DEN,10,9,QB,MannPe00
825,Sean Mannion,2015,23,STL,1,0,QB,MannSe00
826,EJ Manuel,2015,25,BUF,7,2,QB,ManuEJ00
827,Johnny Manziel,2015,23,CLE,9,6,QB,ManzJo00
828,Marcus Mariota,2015,22,TEN,12,12,QB,MariMa01
829,A.J. McCarron,2015,25,CIN,7,3,QB,McCaA.00
830,Colt McCoy,2015,29,WAS,2,0,QB,McCoCo00
831,Josh McCown,2015,36,CLE,8,8,QB,McCoJo01
832,Luke McCown,2015,34,NOR,8,1,QB,McCoLu00
833,Matt McGloin,2015,26,OAK,2,0,QB,McGlMa01
834,Zach Mettenberger,2015,24,TEN,7,4,QB,MettZa00
835,Kellen Moore,2015,26,DAL,3,2,QB,MoorKe02
836,Matt Moore,2015,31,MIA,1,0,QB,MoorMa01
837,Tyler Murphy,2015,23,PIT,2,0,QB,MurpTy00
838,Ryan Nassib,2015,25,NYG,1,0,QB,NassRy00
839,Cam Newton,2015,26,CAR,16,16,QB,NewtCa00
840,Dan Orlovsky,2015,32,DET,2,0,QB,OrloDa00
841,Brock Osweiler,2015,25,DEN,8,7,QB,OsweBr00
842,Carson Palmer,2015,36,ARI,16,16,QB,PalmCa00
843,Sean Renfree,2015,25,ATL,2,0,QB,RenfSe00
844,Philip Rivers,2015,34,SDG,16,16,QB,RivePh00
845,Aaron Rodgers,2015,32,GNB,16,16,QB,RodgAa00
846,Ben Roethlisberger,2015,33,PIT,12,11,QB,RoetBe00
847,Tony Romo,2015,35,DAL,4,4,QB,RomoTo00
848,Matt Ryan,2015,30,ATL,16,16,QB,RyanMa00
849,Mark Sanchez,2015,29,PHI,4,2,QB,SancMa00
850,Matt Schaub,2015,34,BAL,2,2,QB,SchaMa00
851,Trevor Siemian,2015,24,DEN,1,0,QB,SiemTr00
852,Alex Smith,2015,31,KAN,16,16,QB,SmitAl03
853,Geno Smith,2015,25,NYJ,1,0,QB,SmitGe00
854,Matthew Stafford,2015,27,DET,16,16,QB,StafMa00
855,Drew Stanton,2015,31,ARI,7,0,QB,StanDr00
856,Alex Tanney,2015,28,TEN,1,0,QB,TannAl00
857,Ryan Tannehill,2015,27,MIA,16,16,QB,TannRy00
858,Tyrod Taylor,2015,26,BUF,14,14,QB,TaylTy00
859,Scott Tolzien,2015,28,GNB,3,0,QB,TolzSc00
860,Michael Vick,2015,35,PIT,5,3,QB,VickMi00
861,Brandon Weeden,2015,32,DALHOU,6,4,QB,WeedBr00
862,Charlie Whitehurst,2015,33,IND,4,0,QB,WhitCh02
863,Russell Wilson,2015,27,SEA,16,16,QB,WilsRu00
864,Jameis Winston,2015,21,TAM,16,16,QB,WinsJa00
865,T.J. Yates,2015,28,HOU,4,2,QB,YateT.00
866,Derek Anderson,2014,31,CAR,6,2,QB,AndeDe00
867,Matt Barkley,2014,24,PHI,1,0,QB,BarkMa00
868,Blake Bortles,2014,22,JAX,14,13,QB,BortBl00
869,Tom Brady,2014,37,NWE,16,16,QB,BradTo00
870,Drew Brees,2014,35,NOR,16,16,QB,BreeDr00
871,Teddy Bridgewater,2014,22,MIN,13,12,QB,BridTe00
872,Jason Campbell,2014,33,CIN,4,0,QB,CampJa00
873,Derek Carr,2014,23,OAK,16,16,QB,CarrDe02
874,Matt Cassel,2014,32,MIN,3,3,QB,CassMa00
875,Jimmy Clausen,2014,27,CHI,4,1,QB,ClauJi00
876,Kellen Clemens,2014,31,SDG,2,0,QB,ClemKe00
877,Kirk Cousins,2014,26,WAS,6,5,QB,CousKi00
878,Jay Cutler,2014,31,CHI,15,15,QB,CutlJa00
879,Andy Dalton,2014,27,CIN,16,16,QB,DaltAn00
880,Chase Daniel,2014,28,KAN,3,1,QB,DaniCh00
881,Austin Davis,2014,25,STL,10,8,QB,DaviAu00
882,Ryan Fitzpatrick,2014,32,HOU,12,12,QB,FitzRy00
883,Joe Flacco,2014,29,BAL,16,16,QB,FlacJo00
884,Matt Flynn,2014,29,GNB,7,0,QB,FlynMa00
885,Nick Foles,2014,25,PHI,8,8,QB,FoleNi00
886,Blaine Gabbert,2014,25,SFO,1,0,QB,GabbBl00
887,Jimmy Garoppolo,2014,23,NWE,6,0,QB,GaroJi00
888,Mike Glennon,2014,25,TAM,6,5,QB,GlenMi00
889,Bruce Gradkowski,2014,31,PIT,1,0,QB,GradBr00
890,Robert Griffin III,2014,24,WAS,9,7,QB,GrifRo01
891,Matt Hasselbeck,2014,39,IND,4,0,QB,HassMa00
892,Chad Henne,2014,29,JAX,3,3,QB,HennCh01
893,Shaun Hill,2014,34,STL,9,8,QB,HillSh00
894,Brian Hoyer,2014,29,CLE,14,13,QB,HoyeBr00
895,Tarvaris Jackson,2014,31,SEA,1,0,QB,JackTa00
896,Colin Kaepernick,2014,27,SFO,16,16,QB,KaepCo00
897,Case Keenum,2014,26,HOU,2,2,QB,KeenCa00
898,Ryan Lindley,2014,25,ARI,3,2,QB,LindRy00
899,Jake Locker,2014,26,TEN,7,5,QB,LockJa00
900,Andrew Luck,2014,25,IND,16,16,QB,LuckAn00
901,Ryan Mallett,2014,26,HOU,3,2,QB,MallRy00
902,Eli Manning,2014,33,NYG,16,16,QB,MannEl00
903,Peyton Manning,2014,38,DEN,16,16,QB,MannPe00
904,EJ Manuel,2014,24,BUF,5,4,QB,ManuEJ00
905,Johnny Manziel,2014,22,CLE,5,2,QB,ManzJo00
906,Colt McCoy,2014,28,WAS,5,4,QB,McCoCo00
907,Josh McCown,2014,35,TAM,11,11,QB,McCoJo01
908,Luke McCown,2014,33,NOR,16,0,QB,McCoLu00
909,Matt McGloin,2014,25,OAK,1,0,QB,McGlMa01
910,Zach Mettenberger,2014,23,TEN,7,6,QB,MettZa00
911,Matt Moore,2014,30,MIA,2,0,QB,MoorMa01
912,Ryan Nassib,2014,24,NYG,4,0,QB,NassRy00
913,Cam Newton,2014,25,CAR,14,14,QB,NewtCa00
914,Kyle Orton,2014,32,BUF,12,12,QB,OrtoKy00
915,Brock Osweiler,2014,24,DEN,4,0,QB,OsweBr00
916,Carson Palmer,2014,35,ARI,6,6,QB,PalmCa00
917,Jordan Palmer,2014,30,TEN,1,0,QB,PalmJo20
918,Christian Ponder,2014,26,MIN,2,1,QB,PondCh00
919,De'Andre Presley,2014,24,CAR,4,0,QB,PresDe00
920,Philip Rivers,2014,33,SDG,16,16,QB,RivePh00
921,Aaron Rodgers,2014,31,GNB,16,16,QB,RodgAa00
922,Ben Roethlisberger,2014,32,PIT,16,16,QB,RoetBe00
923,Tony Romo,2014,34,DAL,15,15,QB,RomoTo00
924,Matt Ryan,2014,29,ATL,16,16,QB,RyanMa00
925,Mark Sanchez,2014,28,PHI,9,8,QB,SancMa00
926,Tom Savage,2014,24,HOU,2,0,QB,SavaTo00
927,Matt Schaub,2014,33,OAK,11,0,QB,SchaMa00
928,Connor Shaw,2014,23,CLE,1,1,QB,ShawCo00
929,Matt Simms,2014,26,NYJ,1,0,QB,SimmMa00
930,Alex Smith,2014,30,KAN,15,15,QB,SmitAl03
931,Geno Smith,2014,24,NYJ,14,13,QB,SmitGe00
932,Matthew Stafford,2014,26,DET,16,16,QB,StafMa00
933,Drew Stanton,2014,30,ARI,9,8,QB,StanDr00
934,Ryan Tannehill,2014,26,MIA,16,16,QB,TannRy00
935,Tyrod Taylor,2014,25,BAL,1,0,QB,TaylTy00
936,Logan Thomas,2014,23,ARI,2,0,QB,ThomLo00
937,Michael Vick,2014,34,NYJ,10,3,QB,VickMi00
938,Brandon Weeden,2014,31,DAL,5,1,QB,WeedBr00
939,Charlie Whitehurst,2014,32,TEN,7,5,QB,WhitCh02
940,Russell Wilson,2014,26,SEA,16,16,QB,WilsRu00
941,T.J. Yates,2014,27,ATL,1,0,QB,YateT.00
942,Derek Anderson,2013,30,CAR,4,0,QB,AndeDe00
943,Matt Barkley,2013,23,PHI,3,0,QB,BarkMa00
944,Sam Bradford,2013,26,STL,7,7,QB,BradSa00
945,Tom Brady,2013,36,NWE,16,16,QB,BradTo00
946,Drew Brees,2013,34,NOR,16,16,QB,BreeDr00
947,Jason Campbell,2013,32,CLE,9,8,QB,CampJa00
948,Matt Cassel,2013,31,MIN,9,6,QB,CassMa00
949,Kellen Clemens,2013,30,STL,10,9,QB,ClemKe00
950,Kirk Cousins,2013,25,WAS,5,3,QB,CousKi00
951,Jay Cutler,2013,30,CHI,11,11,QB,CutlJa00
952,Andy Dalton,2013,26,CIN,16,16,QB,DaltAn00
953,Chase Daniel,2013,27,KAN,5,1,QB,DaniCh00
954,Dominique Davis,2013,24,ATL,1,0,QB,DaviDo02
955,Armanti Edwards,2013,25,CARCLE,6,0,QB,EdwaAr00
956,Ryan Fitzpatrick,2013,31,TEN,11,9,QB,FitzRy00
957,Joe Flacco,2013,28,BAL,16,16,QB,FlacJo00
958,Matt Flynn,2013,28,GNBOAK,7,5,QB,FlynMa00
959,Nick Foles,2013,24,PHI,13,10,QB,FoleNi00
960,Josh Freeman,2013,25,MINTAM,4,4,QB,FreeJo00
961,Blaine Gabbert,2013,24,JAX,3,3,QB,GabbBl00
962,Mike Glennon,2013,24,TAM,13,13,QB,GlenMi00
963,Robert Griffin III,2013,23,WAS,13,13,QB,GrifRo01
964,Matt Hasselbeck,2013,38,IND,3,0,QB,HassMa00
965,Chad Henne,2013,28,JAX,15,13,QB,HennCh01
966,Shaun Hill,2013,33,DET,1,0,QB,HillSh00
967,Brian Hoyer,2013,28,CLE,3,3,QB,HoyeBr00
968,Tarvaris Jackson,2013,30,SEA,3,0,QB,JackTa00
969,Josh Johnson,2013,27,CIN,2,0,QB,JohnJo05
970,Colin Kaepernick,2013,26,SFO,16,16,QB,KaepCo00
971,Case Keenum,2013,25,HOU,8,8,QB,KeenCa00
972,Thaddeus Lewis,2013,28,BUF,6,5,QB,LewiTh01
973,Jake Locker,2013,25,TEN,7,7,QB,LockJa00
974,Andrew Luck,2013,24,IND,16,16,QB,LuckAn00
975,Eli Manning,2013,32,NYG,16,16,QB,MannEl00
976,Peyton Manning,2013,37,DEN,16,16,QB,MannPe00
977,EJ Manuel,2013,23,BUF,10,10,QB,ManuEJ00
978,Colt McCoy,2013,27,SFO,4,0,QB,McCoCo00
979,Josh McCown,2013,34,CHI,8,5,QB,McCoJo01
980,Luke McCown,2013,32,NOR,16,0,QB,McCoLu00
981,Matt McGloin,2013,24,OAK,7,6,QB,McGlMa01
982,Matt Moore,2013,29,MIA,1,0,QB,MoorMa01
983,Cam Newton,2013,24,CAR,16,16,QB,NewtCa00
984,Dan Orlovsky,2013,30,TAM,2,0,QB,OrloDa00
985,Kyle Orton,2013,31,DAL,3,1,QB,OrtoKy00
986,Brock Osweiler,2013,23,DEN,4,0,QB,OsweBr00
987,Curtis Painter,2013,28,NYG,3,0,QB,PainCu00
988,Carson Palmer,2013,34,ARI,16,16,QB,PalmCa00
989,Christian Ponder,2013,25,MIN,9,9,QB,PondCh00
990,Terrelle Pryor,2013,24,OAK,11,9,QB,PryoTe00
991,Philip Rivers,2013,32,SDG,16,16,QB,RivePh00
992,Aaron Rodgers,2013,30,GNB,9,9,QB,RodgAa00
993,Ben Roethlisberger,2013,31,PIT,16,16,QB,RoetBe00
994,Tony Romo,2013,33,DAL,15,15,QB,RomoTo00
995,Matt Ryan,2013,28,ATL,16,16,QB,RyanMa00
996,Matt Schaub,2013,32,HOU,10,8,QB,SchaMa00
997,Matt Simms,2013,25,NYJ,3,0,QB,SimmMa00
998,Alex Smith,2013,29,KAN,15,15,QB,SmitAl03
999,Geno Smith,2013,23,NYJ,16,16,QB,SmitGe00
1000,Matthew Stafford,2013,25,DET,16,16,QB,StafMa00
1001,Ryan Tannehill,2013,25,MIA,16,16,QB,TannRy00
1002,Tyrod Taylor,2013,24,BAL,3,0,QB,TaylTy00
1003,Scott Tolzien,2013,26,GNB,3,2,QB,TolzSc00
1004,Jeff Tuel,2013,22,BUF,2,1,QB,TuelJe00
1005,Michael Vick,2013,33,PHI,7,6,QB,VickMi00
1006,Seneca Wallace,2013,33,GNB,2,1,QB,WallSe00
1007,Brandon Weeden,2013,30,CLE,8,5,QB,WeedBr00
1008,Charlie Whitehurst,2013,31,SDG,2,0,QB,WhitCh02
1009,Russell Wilson,2013,25,SEA,16,16,QB,WilsRu00
1010,T.J. Yates,2013,26,HOU,3,0,QB,YateT.00
1011,Derek Anderson,2012,29,CAR,2,0,QB,AndeDe00
1012,Charlie Batch,2012,38,PIT,2,2,QB,BatcCh00
1013,Sam Bradford,2012,25,STL,16,16,QB,BradSa00
1014,Tom Brady,2012,35,NWE,16,16,QB,BradTo00
1015,Drew Brees,2012,33,NOR,16,16,QB,BreeDr00
1016,Jason Campbell,2012,31,CHI,6,1,QB,CampJa00
1017,David Carr,2012,33,NYG,2,0,QB,CarrDa00
1018,Matt Cassel,2012,30,KAN,9,8,QB,CassMa00
1019,Kellen Clemens,2012,29,STL,2,0,QB,ClemKe00
1020,Kirk Cousins,2012,24,WAS,3,1,QB,CousKi00
1021,Jay Cutler,2012,29,CHI,15,15,QB,CutlJa00
1022,Andy Dalton,2012,25,CIN,16,16,QB,DaltAn00
1023,Chase Daniel,2012,26,NOR,16,0,QB,DaniCh00
1024,Armanti Edwards,2012,24,CAR,16,0,QB,EdwaAr00
1025,Trent Edwards,2012,29,PHI,1,0,QB,EdwaTr01
1026,Ryan Fitzpatrick,2012,30,BUF,16,16,QB,FitzRy00
1027,Joe Flacco,2012,27,BAL,16,16,QB,FlacJo00
1028,Matt Flynn,2012,27,SEA,3,0,QB,FlynMa00
1029,Nick Foles,2012,23,PHI,7,6,QB,FoleNi00
1030,Josh Freeman,2012,24,TAM,16,16,QB,FreeJo00
1031,Blaine Gabbert,2012,23,JAX,10,10,QB,GabbBl00
1032,Bruce Gradkowski,2012,29,CIN,2,0,QB,GradBr00
1033,Robert Griffin III,2012,22,WAS,15,15,QB,GrifRo01
1034,Graham Harrell,2012,27,GNB,4,0,QB,HarrGr00
1035,Matt Hasselbeck,2012,37,TEN,8,5,QB,HassMa00
1036,Chad Henne,2012,27,JAX,10,6,QB,HennCh01
1037,Shaun Hill,2012,32,DET,1,0,QB,HillSh00
1038,Brian Hoyer,2012,27,ARI,2,1,QB,HoyeBr00
1039,Josh Johnson,2012,26,CLE,1,0,QB,JohnJo05
1040,Colin Kaepernick,2012,25,SFO,13,7,QB,KaepCo00
1041,Kevin Kolb,2012,28,ARI,6,5,QB,KolbKe00
1042,Byron Leftwich,2012,32,PIT,2,1,QB,LeftBy00
1043,Matt Leinart,2012,29,OAK,2,0,QB,LeinMa00
1044,Thaddeus Lewis,2012,27,CLE,1,1,QB,LewiTh01
1045,Ryan Lindley,2012,23,ARI,6,4,QB,LindRy00
1046,Jake Locker,2012,24,TEN,11,11,QB,LockJa00
1047,Andrew Luck,2012,23,IND,16,16,QB,LuckAn00
1048,Ryan Mallett,2012,24,NWE,4,0,QB,MallRy00
1049,Eli Manning,2012,31,NYG,16,16,QB,MannEl00
1050,Peyton Manning,2012,36,DEN,16,16,QB,MannPe00
1051,Colt McCoy,2012,26,CLE,3,0,QB,McCoCo00
1052,Luke McCown,2012,31,ATL,2,0,QB,McCoLu00
1053,Greg McElroy,2012,24,NYJ,2,1,QB,McElGr00
1054,Matt Moore,2012,28,MIA,2,0,QB,MoorMa01
1055,Cam Newton,2012,23,CAR,16,16,QB,NewtCa00
1056,Dan Orlovsky,2012,29,TAM,1,0,QB,OrloDa00
1057,Kyle Orton,2012,30,DAL,1,0,QB,OrtoKy00
1058,Brock Osweiler,2012,22,DEN,5,0,QB,OsweBr00
1059,Carson Palmer,2012,33,OAK,15,15,QB,PalmCa00
1060,Christian Ponder,2012,24,MIN,16,16,QB,PondCh00
1061,De'Andre Presley,2012,22,MIA,4,0,QB,PresDe00
1062,Terrelle Pryor,2012,23,OAK,3,1,QB,PryoTe00
1063,Brady Quinn,2012,28,KAN,10,8,QB,QuinBr00
1064,Philip Rivers,2012,31,SDG,16,16,QB,RivePh00
1065,Aaron Rodgers,2012,29,GNB,16,16,QB,RodgAa00
1066,Ben Roethlisberger,2012,30,PIT,13,13,QB,RoetBe00
1067,Tony Romo,2012,32,DAL,16,16,QB,RomoTo00
1068,Matt Ryan,2012,27,ATL,16,16,QB,RyanMa00
1069,Mark Sanchez,2012,26,NYJ,15,15,QB,SancMa00
1070,Matt Schaub,2012,31,HOU,16,16,QB,SchaMa00
1071,John Skelton,2012,24,ARI,7,6,QB,SkelJo00
1072,Alex Smith,2012,28,SFO,10,9,QB,SmitAl03
1073,Brad Smith,2012,29,BUF,15,2,WR/QB,SmitBr01
1074,Rusty Smith,2012,25,TEN,1,0,QB,SmitRu01
1075,Matthew Stafford,2012,24,DET,16,16,QB,StafMa00
1076,Ryan Tannehill,2012,24,MIA,16,16,QB,TannRy00
1077,Tyrod Taylor,2012,23,BAL,7,0,QB,TaylTy00
1078,Tim Tebow,2012,25,NYJ,12,2,QB,TeboTi00
1079,Tyler Thigpen,2012,28,BUF,4,0,QB,ThigTy00
1080,Michael Vick,2012,32,PHI,10,10,QB,VickMi00
1081,Joe Webb,2012,26,MIN,1,0,QB,WebbJo00
1082,Brandon Weeden,2012,29,CLE,15,15,QB,WeedBr00
1083,Russell Wilson,2012,24,SEA,16,16,QB,WilsRu00
1084,T.J. Yates,2012,25,HOU,4,0,QB,YateT.00
1085,Derek Anderson,2011,28,CAR,2,0,QB,AndeDe00
1086,Richard Bartel,2011,28,ARI,2,0,QB,BartRi00
1087,Charlie Batch,2011,37,PIT,4,1,QB,BatcCh00
1088,John Beck,2011,30,WAS,4,3,QB,BeckJo00
1089,Kyle Boller,2011,30,OAK,2,1,QB,BollKy00
1090,Sam Bradford,2011,24,STL,10,10,QB,BradSa00
1091,Tom Brady,2011,34,NWE,16,16,QB,BradTo00
1092,Tom Brandstater,2011,27,STL,1,0,QB,BranTo00
1093,Drew Brees,2011,32,NOR,16,16,QB,BreeDr00
1094,Mark Brunell,2011,41,NYJ,16,0,QB,BrunMa00
1095,Jason Campbell,2011,30,OAK,6,6,QB,CampJa00
1096,Rudy Carpenter,2011,25,TAM,1,0,QB,CarpRu00
1097,Matt Cassel,2011,29,KAN,9,9,QB,CassMa00
1098,Kellen Clemens,2011,28,STL,3,3,QB,ClemKe00
1099,Kerry Collins,2011,39,IND,3,3,QB,CollKe00
1100,Jay Cutler,2011,28,CHI,10,10,QB,CutlJa00
1101,Andy Dalton,2011,24,CIN,16,16,QB,DaltAn00
1102,Chase Daniel,2011,25,NOR,16,0,QB,DaniCh00
1103,Jake Delhomme,2011,36,HOU,1,0,QB,DelhJa00
1104,Armanti Edwards,2011,23,CAR,16,0,QB,EdwaAr00
1105,A.J. Feeley,2011,34,STL,5,3,QB,FeelA.00
1106,Ryan Fitzpatrick,2011,29,BUF,16,16,QB,FitzRy00
1107,Joe Flacco,2011,26,BAL,16,16,QB,FlacJo00
1108,Matt Flynn,2011,26,GNB,5,1,QB,FlynMa00
1109,Josh Freeman,2011,23,TAM,15,15,QB,FreeJo00
1110,Blaine Gabbert,2011,22,JAX,15,14,QB,GabbBl00
1111,Bruce Gradkowski,2011,28,CIN,2,0,QB,GradBr00
1112,Rex Grossman,2011,31,WAS,13,13,QB,GrosRe00
1113,Caleb Hanie,2011,26,CHI,6,4,QB,HaniCa00
1114,Matt Hasselbeck,2011,36,TEN,16,16,QB,HassMa00
1115,Chad Henne,2011,26,MIA,4,4,QB,HennCh01
1116,Shaun Hill,2011,31,DET,2,0,QB,HillSh00
1117,Brian Hoyer,2011,26,NWE,3,0,QB,HoyeBr00
1118,Tarvaris Jackson,2011,28,SEA,15,14,QB,JackTa00
1119,Josh Johnson,2011,25,TAM,9,1,QB,JohnJo05
1120,Colin Kaepernick,2011,24,SFO,3,0,QB,KaepCo00
1121,Mike Kafka,2011,24,PHI,4,0,QB,KafkMi00
1122,Jon Kitna,2011,39,DAL,3,0,QB,KitnJo00
1123,Kevin Kolb,2011,27,ARI,9,9,QB,KolbKe00
1124,Matt Leinart,2011,28,HOU,2,1,QB,LeinMa00
1125,Jake Locker,2011,23,TEN,5,0,QB,LockJa00
1126,J.P. Losman,2011,30,MIA,2,0,QB,LosmJ.00
1127,Eli Manning,2011,30,NYG,16,16,QB,MannEl00
1128,Colt McCoy,2011,25,CLE,13,13,QB,McCoCo00
1129,Josh McCown,2011,32,CHI,3,2,QB,McCoJo01
1130,Luke McCown,2011,30,JAX,4,2,QB,McCoLu00
1131,Stephen McGee,2011,26,DAL,1,0,QB,McGeSt00
1132,Donovan McNabb,2011,35,MIN,6,6,QB,McNaDo00
1133,Matt Moore,2011,27,MIA,13,12,QB,MoorMa01
1134,Cam Newton,2011,22,CAR,16,16,QB,NewtCa00
1135,Dan Orlovsky,2011,28,IND,8,5,QB,OrloDa00
1136,Kyle Orton,2011,29,DENKAN,9,8,QB,OrtoKy00
1137,Curtis Painter,2011,26,IND,9,8,QB,PainCu00
1138,Tyler Palko,2011,28,KAN,6,4,QB,PalkTy00
1139,Carson Palmer,2011,32,OAK,10,9,QB,PalmCa00
1140,Christian Ponder,2011,23,MIN,11,10,QB,PondCh00
1141,Terrelle Pryor,2011,22,OAK,1,0,QB,PryoTe00
1142,Chris Redman,2011,34,ATL,5,0,QB,RedmCh00
1143,Philip Rivers,2011,30,SDG,16,16,QB,RivePh00
1144,Aaron Rodgers,2011,28,GNB,15,15,QB,RodgAa00
1145,Ben Roethlisberger,2011,29,PIT,15,15,QB,RoetBe00
1146,Tony Romo,2011,31,DAL,16,16,QB,RomoTo00
1147,Matt Ryan,2011,26,ATL,16,16,QB,RyanMa00
1148,Mark Sanchez,2011,25,NYJ,16,16,QB,SancMa00
1149,Matt Schaub,2011,30,HOU,10,10,QB,SchaMa00
1150,John Skelton,2011,23,ARI,8,7,QB,SkelJo00
1151,Alex Smith,2011,27,SFO,16,16,QB,SmitAl03
1152,Matthew Stafford,2011,23,DET,16,16,QB,StafMa00
1153,Tyrod Taylor,2011,22,BAL,3,0,QB,TaylTy00
1154,Tim Tebow,2011,24,DEN,14,11,QB,TeboTi00
1155,Tyler Thigpen,2011,27,BUF,3,0,QB,ThigTy00
1156,Michael Vick,2011,31,PHI,13,13,QB,VickMi00
1157,Billy Volek,2011,35,SDG,2,0,QB,VoleBi00
1158,Seneca Wallace,2011,31,CLE,6,3,QB,WallSe00
1159,Joe Webb,2011,25,MIN,11,1,QB,WebbJo00
1160,Charlie Whitehurst,2011,29,SEA,3,2,QB,WhitCh02
1161,T.J. Yates,2011,24,HOU,6,5,QB,YateT.00
1162,Vince Young,2011,28,PHI,6,3,QB,YounVi00
1163,Derek Anderson,2010,27,ARI,12,9,QB,AndeDe00
1164,Richard Bartel,2010,27,ARI,1,0,QB,BartRi00
1165,Charlie Batch,2010,36,PIT,3,2,QB,BatcCh00
1166,Kyle Boller,2010,29,OAK,5,0,QB,BollKy00
1167,Todd Bouman,2010,38,JAX,1,1,QB,BoumTo00
1168,Sam Bradford,2010,23,STL,16,16,QB,BradSa00
1169,Tom Brady,2010,33,NWE,16,16,QB,BradTo00
1170,Drew Brees,2010,31,NOR,16,16,QB,BreeDr00
1171,Brian Brohm,2010,25,BUF,1,1,QB,BrohBr00
1172,Levi Brown,2010,23,BUF,1,0,QB,BrowLe00
1173,Mark Brunell,2010,40,NYJ,2,0,QB,BrunMa00
1174,Jason Campbell,2010,29,OAK,13,12,QB,CampJa00
1175,David Carr,2010,31,SFO,1,0,QB,CarrDa00
1176,Matt Cassel,2010,28,KAN,15,15,QB,CassMa00
1177,Jimmy Clausen,2010,23,CAR,13,10,QB,ClauJi00
1178,Kellen Clemens,2010,27,NYJ,1,0,QB,ClemKe00
1179,Kerry Collins,2010,38,TEN,10,7,QB,CollKe00
1180,Todd Collins,2010,39,CHI,2,1,QB,CollTo00
1181,Brodie Croyle,2010,27,KAN,2,1,QB,CroyBr00
1182,Jay Cutler,2010,27,CHI,15,15,QB,CutlJa00
1183,Chase Daniel,2010,24,NOR,13,0,QB,DaniCh00
1184,Jake Delhomme,2010,35,CLE,5,4,QB,DelhJa00
1185,Dennis Dixon,2010,25,PIT,2,2,QB,DixoDe00
1186,Armanti Edwards,2010,22,CAR,3,0,QB,EdwaAr00
1187,Trent Edwards,2010,27,BUFJAX,5,3,QB,EdwaTr01
1188,Brett Favre,2010,41,MIN,13,13,QB,FavrBr00
1189,Ryan Fitzpatrick,2010,28,BUF,13,13,QB,FitzRy00
1190,Joe Flacco,2010,25,BAL,16,16,QB,FlacJo00
1191,Matt Flynn,2010,25,GNB,7,1,QB,FlynMa00
1192,Josh Freeman,2010,22,TAM,16,16,QB,FreeJo00
1193,David Garrard,2010,32,JAX,14,14,QB,GarrDa00
1194,Bruce Gradkowski,2010,27,OAK,6,4,QB,GradBr00
1195,Rex Grossman,2010,30,WAS,4,3,QB,GrosRe00
1196,Max Hall,2010,25,ARI,6,3,QB,HallMa00
1197,Caleb Hanie,2010,25,CHI,2,0,QB,HaniCa00
1198,Matt Hasselbeck,2010,35,SEA,14,14,QB,HassMa00
1199,Chad Henne,2010,25,MIA,15,14,QB,HennCh01
1200,Shaun Hill,2010,30,DET,11,10,QB,HillSh00
1201,Brian Hoyer,2010,25,NWE,5,0,QB,HoyeBr00
1202,Tarvaris Jackson,2010,27,MIN,3,1,QB,JackTa00
1203,Josh Johnson,2010,24,TAM,11,0,QB,JohnJo05
1204,Jon Kitna,2010,38,DAL,10,9,QB,KitnJo00
1205,Kevin Kolb,2010,26,PHI,7,5,QB,KolbKe00
1206,Byron Leftwich,2010,30,PIT,1,0,QB,LeftBy00
1207,Eli Manning,2010,29,NYG,16,16,QB,MannEl00
1208,Peyton Manning,2010,34,IND,16,16,QB,MannPe00
1209,Colt McCoy,2010,24,CLE,8,8,QB,McCoCo00
1210,Luke McCown,2010,29,JAX,1,0,QB,McCoLu00
1211,Stephen McGee,2010,25,DAL,2,1,QB,McGeSt00
1212,Donovan McNabb,2010,34,WAS,13,13,QB,McNaDo00
1213,Matt Moore,2010,26,CAR,6,5,QB,MoorMa01
1214,Dan Orlovsky,2010,27,HOU,1,0,QB,OrloDa00
1215,Kyle Orton,2010,28,DEN,13,13,QB,OrtoKy00
1216,Tyler Palko,2010,27,KAN,2,0,QB,PalkTy00
1217,Carson Palmer,2010,31,CIN,16,16,QB,PalmCa00
1218,Jordan Palmer,2010,26,CIN,1,0,QB,PalmJo20
1219,Chad Pennington,2010,34,MIA,1,1,QB,PennCh01
1220,Tony Pike,2010,24,CAR,1,0,QB,PikeTo00
1221,Chris Redman,2010,33,ATL,2,0,QB,RedmCh00
1222,Philip Rivers,2010,29,SDG,16,16,QB,RivePh00
1223,Aaron Rodgers,2010,27,GNB,15,15,QB,RodgAa00
1224,Ben Roethlisberger,2010,28,PIT,12,12,QB,RoetBe00
1225,Tony Romo,2010,30,DAL,6,6,QB,RomoTo00
1226,Sage Rosenfels,2010,32,NYG,12,0,QB,RoseSa00
1227,Matt Ryan,2010,25,ATL,16,16,QB,RyanMa00
1228,Mark Sanchez,2010,24,NYJ,16,16,QB,SancMa00
1229,Matt Schaub,2010,29,HOU,16,16,QB,SchaMa00
1230,John Skelton,2010,22,ARI,5,4,QB,SkelJo00
1231,Alex Smith,2010,26,SFO,11,10,QB,SmitAl03
1232,Rusty Smith,2010,23,TEN,2,1,QB,SmitRu01
1233,Troy Smith,2010,26,SFO,6,6,QB,SmitTr02
1234,Brian St. Pierre,2010,31,CAR,1,1,QB,St.PBr20
1235,Matthew Stafford,2010,22,DET,3,3,QB,StafMa00
1236,Drew Stanton,2010,26,DET,6,3,QB,StanDr00
1237,Tim Tebow,2010,23,DEN,9,3,QB,TeboTi00
1238,Tyler Thigpen,2010,26,MIA,5,1,QB,ThigTy00
1239,Michael Vick,2010,30,PHI,12,12,QB,VickMi00
1240,Billy Volek,2010,34,SDG,3,0,QB,VoleBi00
1241,Seneca Wallace,2010,30,CLE,8,4,QB,WallSe00
1242,Joe Webb,2010,24,MIN,5,2,QB,WebbJo00
1243,Charlie Whitehurst,2010,28,SEA,6,2,QB,WhitCh02
1244,Vince Young,2010,27,TEN,9,8,QB,YounVi00
1245,Derek Anderson,2009,26,CLE,8,7,QB,AndeDe00
1246,Charlie Batch,2009,35,PIT,1,0,QB,BatcCh00
1247,Kyle Boller,2009,28,STL,7,4,QB,BollKy00
1248,Tom Brady,2009,32,NWE,16,16,QB,BradTo00
1249,Drew Brees,2009,30,NOR,15,15,QB,BreeDr00
1250,Brian Brohm,2009,24,BUF,2,1,QB,BrohBr00
1251,Mark Brunell,2009,39,NOR,16,1,QB,BrunMa00
1252,Marc Bulger,2009,32,STL,9,8,QB,BulgMa00
1253,Jason Campbell,2009,28,WAS,16,16,QB,CampJa00
1254,David Carr,2009,30,NYG,6,0,QB,CarrDa00
1255,Matt Cassel,2009,27,KAN,15,15,QB,CassMa00
1256,Kellen Clemens,2009,26,NYJ,10,1,QB,ClemKe00
1257,Kerry Collins,2009,37,TEN,7,6,QB,CollKe00
1258,Todd Collins,2009,38,WAS,3,0,QB,CollTo00
1259,Brodie Croyle,2009,26,KAN,3,1,QB,CroyBr00
1260,Daunte Culpepper,2009,32,DET,8,5,QB,CulpDa00
1261,Jay Cutler,2009,26,CHI,16,16,QB,CutlJa00
1262,Jake Delhomme,2009,34,CAR,11,11,QB,DelhJa00
1263,Dennis Dixon,2009,24,PIT,1,1,QB,DixoDe00
1264,Trent Edwards,2009,26,BUF,8,7,QB,EdwaTr01
1265,Brett Favre,2009,40,MIN,16,16,QB,FavrBr00
1266,Ryan Fitzpatrick,2009,27,BUF,10,8,QB,FitzRy00
1267,Joe Flacco,2009,24,BAL,16,16,QB,FlacJo00
1268,Matt Flynn,2009,24,GNB,15,0,QB,FlynMa00
1269,Josh Freeman,2009,21,TAM,10,9,QB,FreeJo00
1270,Charlie Frye,2009,28,OAK,3,3,QB,FryeCh00
1271,Jeff Garcia,2009,39,PHI,1,0,QB,GarcJe00
1272,David Garrard,2009,31,JAX,16,16,QB,GarrDa00
1273,Bruce Gradkowski,2009,26,OAK,7,4,QB,GradBr00
1274,Rex Grossman,2009,29,HOU,1,0,QB,GrosRe00
1275,Matt Gutierrez,2009,25,KAN,1,0,QB,GutiMa00
1276,Caleb Hanie,2009,24,CHI,2,0,QB,HaniCa00
1277,Matt Hasselbeck,2009,34,SEA,14,14,QB,HassMa00
1278,Chad Henne,2009,24,MIA,14,13,QB,HennCh01
1279,Shaun Hill,2009,29,SFO,6,6,QB,HillSh00
1280,Brian Hoyer,2009,24,NWE,5,0,QB,HoyeBr00
1281,Tarvaris Jackson,2009,26,MIN,8,0,QB,JackTa00
1282,Josh Johnson,2009,23,TAM,6,4,QB,JohnJo05
1283,Kevin Kolb,2009,25,PHI,5,2,QB,KolbKe00
1284,Byron Leftwich,2009,29,TAM,3,3,QB,LeftBy00
1285,Matt Leinart,2009,26,ARI,8,1,QB,LeinMa00
1286,J.P. Losman,2009,28,OAK,1,0,QB,LosmJ.00
1287,Eli Manning,2009,28,NYG,16,16,QB,MannEl00
1288,Peyton Manning,2009,33,IND,16,16,QB,MannPe00
1289,Josh McCown,2009,30,CAR,1,0,QB,McCoJo01
1290,Luke McCown,2009,28,JAX,3,0,QB,McCoLu00
1291,Donovan McNabb,2009,33,PHI,14,14,QB,McNaDo00
1292,Matt Moore,2009,25,CAR,7,5,QB,MoorMa01
1293,Keith Null,2009,24,STL,4,4,QB,NullKe00
1294,Kyle Orton,2009,27,DEN,16,15,QB,OrtoKy00
1295,J.T. O'Sullivan,2009,30,CIN,3,0,QB,OSulJ.00
1296,Curtis Painter,2009,24,IND,2,0,QB,PainCu00
1297,Carson Palmer,2009,30,CIN,16,16,QB,PalmCa00
1298,Chad Pennington,2009,33,MIA,3,3,QB,PennCh01
1299,Brady Quinn,2009,25,CLE,10,9,QB,QuinBr00
1300,Chris Redman,2009,32,ATL,6,2,QB,RedmCh00
1301,Philip Rivers,2009,28,SDG,16,16,QB,RivePh00
1302,Aaron Rodgers,2009,26,GNB,16,16,QB,RodgAa00
1303,Ben Roethlisberger,2009,27,PIT,15,15,QB,RoetBe00
1304,Tony Romo,2009,29,DAL,16,16,QB,RomoTo00
1305,JaMarcus Russell,2009,24,OAK,12,9,QB,RussJa00
1306,Matt Ryan,2009,24,ATL,14,14,QB,RyanMa00
1307,Mark Sanchez,2009,23,NYJ,15,15,QB,SancMa00
1308,Matt Schaub,2009,28,HOU,16,16,QB,SchaMa00
1309,Chris Simms,2009,29,DEN,3,1,QB,SimmCh00
1310,Alex Smith,2009,25,SFO,11,10,QB,SmitAl03
1311,Troy Smith,2009,25,BAL,4,0,QB,SmitTr02
1312,Jim Sorgi,2009,29,IND,1,0,QB,SorgJi00
1313,Brian St. Pierre,2009,30,ARI,1,0,QB,St.PBr20
1314,Matthew Stafford,2009,21,DET,10,10,QB,StafMa00
1315,Drew Stanton,2009,25,DET,3,1,QB,StanDr00
1316,Tyler Thigpen,2009,25,KANMIA,2,0,QB,ThigTy00
1317,Michael Vick,2009,29,PHI,12,1,QB,VickMi00
1318,Billy Volek,2009,33,SDG,4,0,QB,VoleBi00
1319,Seneca Wallace,2009,29,SEA,13,2,QB,WallSe00
1320,Kurt Warner,2009,38,ARI,15,15,QB,WarnKu00
1321,Vince Young,2009,26,TEN,12,10,QB,YounVi00
1322,Derek Anderson,2008,25,CLE,10,9,QB,AndeDe00
1323,Brock Berlin,2008,27,STL,1,0,QB,BerlBr00
1324,Brooks Bollinger,2008,29,DAL,2,0,QB,BollBr00
1325,Tom Brady,2008,31,NWE,1,1,QB,BradTo00
1326,Drew Brees,2008,29,NOR,16,16,QB,BreeDr00
1327,Mark Brunell,2008,38,NOR,2,0,QB,BrunMa00
1328,Marc Bulger,2008,31,STL,15,15,QB,BulgMa00
1329,Jason Campbell,2008,27,WAS,16,16,QB,CampJa00
1330,David Carr,2008,29,NYG,3,0,QB,CarrDa00
1331,Matt Cassel,2008,26,NWE,16,15,QB,CassMa00
1332,Kellen Clemens,2008,25,NYJ,2,0,QB,ClemKe00
1333,Kerry Collins,2008,36,TEN,16,15,QB,CollKe00
1334,Brodie Croyle,2008,25,KAN,2,2,QB,CroyBr00
1335,Daunte Culpepper,2008,31,DET,5,5,QB,CulpDa00
1336,Jay Cutler,2008,25,DEN,16,16,QB,CutlJa00
1337,Jake Delhomme,2008,33,CAR,16,16,QB,DelhJa00
1338,Dennis Dixon,2008,23,PIT,1,0,QB,DixoDe00
1339,Ken Dorsey,2008,27,CLE,4,3,QB,DorsKe00
1340,Trent Edwards,2008,25,BUF,14,14,QB,EdwaTr01
1341,Brett Favre,2008,39,NYJ,16,16,QB,FavrBr00
1342,Ryan Fitzpatrick,2008,26,CIN,13,12,QB,FitzRy00
1343,Joe Flacco,2008,23,BAL,16,16,QB,FlacJo00
1344,Matt Flynn,2008,23,GNB,7,0,QB,FlynMa00
1345,Gus Frerotte,2008,37,MIN,11,11,QB,FrerGu00
1346,Charlie Frye,2008,27,SEA,2,1,QB,FryeCh00
1347,Jeff Garcia,2008,38,TAM,12,11,QB,GarcJe00
1348,David Garrard,2008,30,JAX,16,16,QB,GarrDa00
1349,Bruce Gradkowski,2008,25,CLE,2,1,QB,GradBr00
1350,Quinn Gray,2008,29,KAN,1,0,QB,GrayQu00
1351,Trent Green,2008,38,STL,3,1,QB,GreeTr00
1352,Brian Griese,2008,33,TAM,5,5,QB,GrieBr00
1353,Rex Grossman,2008,28,CHI,4,1,QB,GrosRe00
1354,Matt Hasselbeck,2008,33,SEA,7,7,QB,HassMa00
1355,Chad Henne,2008,23,MIA,3,0,QB,HennCh01
1356,Drew Henson,2008,28,DET,2,0,QB,HensDr00
1357,Shaun Hill,2008,28,SFO,9,8,QB,HillSh00
1358,Damon Huard,2008,35,KAN,5,3,QB,HuarDa00
1359,Tarvaris Jackson,2008,25,MIN,9,5,QB,JackTa00
1360,Brad Johnson,2008,40,DAL,16,3,QB,JohnBr00
1361,Jon Kitna,2008,36,DET,4,4,QB,KitnJo00
1362,Kevin Kolb,2008,24,PHI,6,0,QB,KolbKe00
1363,Byron Leftwich,2008,28,PIT,5,0,QB,LeftBy00
1364,Matt Leinart,2008,25,ARI,4,0,QB,LeinMa00
1365,Cleo Lemon,2008,29,JAX,2,0,QB,LemoCl00
1366,J.P. Losman,2008,27,BUF,5,2,QB,LosmJ.00
1367,Eli Manning,2008,27,NYG,16,16,QB,MannEl00
1368,Peyton Manning,2008,32,IND,16,16,QB,MannPe00
1369,Josh McCown,2008,29,CAR,2,0,QB,McCoJo01
1370,Luke McCown,2008,27,TAM,2,0,QB,McCoLu00
1371,Donovan McNabb,2008,32,PHI,16,16,QB,McNaDo00
1372,Kevin O'Connell,2008,23,NWE,2,0,QB,OConKe00
1373,Dan Orlovsky,2008,25,DET,10,7,QB,OrloDa00
1374,Kyle Orton,2008,26,CHI,15,15,QB,OrtoKy00
1375,J.T. O'Sullivan,2008,29,SFO,9,8,QB,OSulJ.00
1376,Carson Palmer,2008,29,CIN,4,4,QB,PalmCa00
1377,Jordan Palmer,2008,24,CIN,3,0,QB,PalmJo20
1378,Chad Pennington,2008,32,MIA,16,16,QB,PennCh01
1379,Brady Quinn,2008,24,CLE,3,3,QB,QuinBr00
1380,Patrick Ramsey,2008,29,DEN,1,0,QB,RamsPa00
1381,Philip Rivers,2008,27,SDG,16,16,QB,RivePh00
1382,Aaron Rodgers,2008,25,GNB,16,16,QB,RodgAa00
1383,Ben Roethlisberger,2008,26,PIT,16,16,QB,RoetBe00
1384,Tony Romo,2008,28,DAL,13,13,QB,RomoTo00
1385,Sage Rosenfels,2008,30,HOU,6,5,QB,RoseSa00
1386,JaMarcus Russell,2008,23,OAK,15,15,QB,RussJa00
1387,Matt Ryan,2008,23,ATL,16,16,QB,RyanMa00
1388,Matt Schaub,2008,27,HOU,11,11,QB,SchaMa00
1389,Chris Simms,2008,28,TEN,1,0,QB,SimmCh00
1390,Troy Smith,2008,24,BAL,6,0,QB,SmitTr02
1391,Jim Sorgi,2008,28,IND,1,0,QB,SorgJi00
1392,Drew Stanton,2008,24,DET,3,0,QB,StanDr00
1393,Tyler Thigpen,2008,24,KAN,14,11,QB,ThigTy00
1394,Marques Tuiasosopo,2008,29,OAK,2,0,QB,TuiaMa00
1395,Seneca Wallace,2008,28,SEA,10,8,QB,WallSe00
1396,Andrew Walter,2008,26,OAK,2,1,QB,WaltAn00
1397,Kurt Warner,2008,37,ARI,16,16,QB,WarnKu00
1398,Vince Young,2008,25,TEN,3,1,QB,YounVi00
1399,Derek Anderson,2007,24,CLE,16,15,QB,AndeDe00
1400,Charlie Batch,2007,33,PIT,7,1,QB,BatcCh00
1401,John Beck,2007,26,MIA,5,4,QB,BeckJo00
1402,Brock Berlin,2007,26,STL,1,1,QB,BerlBr00
1403,Brooks Bollinger,2007,28,MIN,5,1,QB,BollBr00
1404,Kyle Boller,2007,26,BAL,12,8,QB,BollKy00
1405,Tom Brady,2007,30,NWE,16,16,QB,BradTo00
1406,Drew Brees,2007,28,NOR,16,16,QB,BreeDr00
1407,Marc Bulger,2007,30,STL,12,12,QB,BulgMa00
1408,Jason Campbell,2007,26,WAS,13,13,QB,CampJa00
1409,David Carr,2007,28,CAR,6,4,QB,CarrDa00
1410,Matt Cassel,2007,25,NWE,6,0,QB,CassMa00
1411,Kellen Clemens,2007,24,NYJ,10,8,QB,ClemKe00
1412,Kerry Collins,2007,35,TEN,6,1,QB,CollKe00
1413,Todd Collins,2007,36,WAS,4,3,QB,CollTo00
1414,Brodie Croyle,2007,24,KAN,9,6,QB,CroyBr00
1415,Daunte Culpepper,2007,30,OAK,7,6,QB,CulpDa00
1416,Jay Cutler,2007,24,DEN,16,16,QB,CutlJa00
1417,Jake Delhomme,2007,32,CAR,3,3,QB,DelhJa00
1418,Trent Dilfer,2007,35,SFO,7,6,QB,DilfTr00
1419,Trent Edwards,2007,24,BUF,10,9,QB,EdwaTr01
1420,Brett Favre,2007,38,GNB,16,16,QB,FavrBr00
1421,A.J. Feeley,2007,30,PHI,3,2,QB,FeelA.00
1422,Ryan Fitzpatrick,2007,25,CIN,1,0,QB,FitzRy00
1423,Gus Frerotte,2007,36,STL,8,3,QB,FrerGu00
1424,Charlie Frye,2007,26,CLE,1,1,QB,FryeCh00
1425,Jeff Garcia,2007,37,TAM,13,13,QB,GarcJe00
1426,David Garrard,2007,29,JAX,12,12,QB,GarrDa00
1427,Bruce Gradkowski,2007,24,TAM,4,0,QB,GradBr00
1428,Quinn Gray,2007,28,JAX,8,4,QB,GrayQu00
1429,Trent Green,2007,37,MIA,5,5,QB,GreeTr00
1430,Brian Griese,2007,32,CHI,7,6,QB,GrieBr00
1431,Rex Grossman,2007,27,CHI,8,7,QB,GrosRe00
1432,Matt Gutierrez,2007,23,NWE,5,0,QB,GutiMa00
1433,Joey Harrington,2007,29,ATL,12,10,QB,HarrJo00
1434,Matt Hasselbeck,2007,32,SEA,16,16,QB,HassMa00
1435,Tim Hasselbeck,2007,29,ARI,1,0,QB,HassTi00
1436,Shaun Hill,2007,27,SFO,3,2,QB,HillSh00
1437,Kelly Holcomb,2007,34,MIN,3,3,QB,HolcKe00
1438,Damon Huard,2007,34,KAN,11,10,QB,HuarDa00
1439,Tarvaris Jackson,2007,24,MIN,12,12,QB,JackTa00
1440,Brad Johnson,2007,39,DAL,16,0,QB,JohnBr00
1441,Jon Kitna,2007,35,DET,16,16,QB,KitnJo00
1442,Kevin Kolb,2007,23,PHI,1,0,QB,KolbKe00
1443,Byron Leftwich,2007,27,ATL,3,2,QB,LeftBy00
1444,Matt Leinart,2007,24,ARI,5,5,QB,LeinMa00
1445,Cleo Lemon,2007,28,MIA,9,7,QB,LemoCl00
1446,Jared Lorenzen,2007,26,NYG,2,0,QB,LoreJa00
1447,J.P. Losman,2007,26,BUF,8,7,QB,LosmJ.00
1448,Eli Manning,2007,26,NYG,16,16,QB,MannEl00
1449,Peyton Manning,2007,31,IND,16,16,QB,MannPe00
1450,Jamie Martin,2007,37,NOR,3,0,QB,MartJa00
1451,Josh McCown,2007,28,OAK,9,9,QB,McCoJo01
1452,Luke McCown,2007,26,TAM,5,3,QB,McCoLu00
1453,Donovan McNabb,2007,31,PHI,14,14,QB,McNaDo00
1454,Steve McNair,2007,34,BAL,6,6,QB,McNaSt00
1455,Matt Moore,2007,23,CAR,9,3,QB,MoorMa01
1456,Craig Nall,2007,28,GNB,1,0,QB,NallCr00
1457,Kyle Orton,2007,25,CHI,3,3,QB,OrtoKy00
1458,J.T. O'Sullivan,2007,28,DET,4,0,QB,OSulJ.00
1459,Carson Palmer,2007,28,CIN,16,16,QB,PalmCa00
1460,Chad Pennington,2007,31,NYJ,9,8,QB,PennCh01
1461,Brady Quinn,2007,23,CLE,1,0,QB,QuinBr00
1462,Patrick Ramsey,2007,28,DEN,2,0,QB,RamsPa00
1463,Tim Rattay,2007,30,ARI,4,0,QB,RattTi00
1464,Chris Redman,2007,30,ATL,7,4,QB,RedmCh00
1465,Philip Rivers,2007,26,SDG,16,16,QB,RivePh00
1466,Aaron Rodgers,2007,24,GNB,2,0,QB,RodgAa00
1467,Ben Roethlisberger,2007,25,PIT,15,15,QB,RoetBe00
1468,Tony Romo,2007,27,DAL,16,16,QB,RomoTo00
1469,Sage Rosenfels,2007,29,HOU,9,5,QB,RoseSa00
1470,JaMarcus Russell,2007,22,OAK,4,1,QB,RussJa00
1471,Matt Schaub,2007,26,HOU,11,11,QB,SchaMa00
1472,Alex Smith,2007,23,SFO,7,7,QB,SmitAl03
1473,Troy Smith,2007,23,BAL,4,2,QB,SmitTr02
1474,Jim Sorgi,2007,27,IND,4,0,QB,SorgJi00
1475,Vinny Testaverde,2007,44,CAR,7,6,QB,TestVi00
1476,Tyler Thigpen,2007,23,KAN,1,0,QB,ThigTy00
1477,Billy Volek,2007,31,SDG,5,0,QB,VoleBi00
1478,Seneca Wallace,2007,27,SEA,10,0,QB,WallSe00
1479,Andrew Walter,2007,25,OAK,1,0,QB,WaltAn00
1480,Kurt Warner,2007,36,ARI,14,11,QB,WarnKu00
1481,Chris Weinke,2007,35,SFO,2,1,QB,WeinCh00
1482,Anthony Wright,2007,31,NYG,3,0,QB,WrigAn00
1483,Vince Young,2007,24,TEN,15,15,QB,YounVi00
1484,Derek Anderson,2006,23,CLE,5,3,QB,AndeDe00
1485,Brett Basanez,2006,23,CAR,1,0,QB,BasaBr00
1486,Charlie Batch,2006,32,PIT,8,1,QB,BatcCh00
1487,Drew Bledsoe,2006,34,DAL,6,6,QB,BledDr00
1488,Brooks Bollinger,2006,27,MIN,2,0,QB,BollBr00
1489,Kyle Boller,2006,25,BAL,5,0,QB,BollKy00
1490,Tom Brady,2006,29,NWE,16,16,QB,BradTo00
1491,Drew Brees,2006,27,NOR,16,16,QB,BreeDr00
1492,Aaron Brooks,2006,30,OAK,8,8,QB,BrooAa00
1493,Mark Brunell,2006,36,WAS,10,9,QB,BrunMa00
1494,Marc Bulger,2006,29,STL,16,16,QB,BulgMa00
1495,Jason Campbell,2006,25,WAS,7,7,QB,CampJa00
1496,David Carr,2006,27,HOU,16,16,QB,CarrDa00
1497,Matt Cassel,2006,24,NWE,6,0,QB,CassMa00
1498,Kellen Clemens,2006,23,NYJ,2,0,QB,ClemKe00
1499,Kerry Collins,2006,34,TEN,4,3,QB,CollKe00
1500,Brodie Croyle,2006,23,KAN,2,0,QB,CroyBr00
1501,Daunte Culpepper,2006,29,MIA,4,4,QB,CulpDa00
1502,Jay Cutler,2006,23,DEN,5,5,QB,CutlJa00
1503,Jake Delhomme,2006,31,CAR,13,13,QB,DelhJa00
1504,Koy Detmer,2006,33,PHI,0,0,QB,DetmKo00
1505,Ken Dorsey,2006,25,CLE,1,0,QB,DorsKe00
1506,Brett Favre,2006,37,GNB,16,16,QB,FavrBr00
1507,A.J. Feeley,2006,29,PHI,2,0,QB,FeelA.00
1508,Ryan Fitzpatrick,2006,24,STL,1,0,QB,FitzRy00
1509,Gus Frerotte,2006,35,STL,1,0,QB,FrerGu00
1510,Charlie Frye,2006,25,CLE,13,13,QB,FryeCh00
1511,Jeff Garcia,2006,36,PHI,8,6,QB,GarcJe00
1512,David Garrard,2006,28,JAX,11,10,QB,GarrDa00
1513,Bruce Gradkowski,2006,23,TAM,13,11,QB,GradBr00
1514,Quinn Gray,2006,27,JAX,2,0,QB,GrayQu00
1515,Trent Green,2006,36,KAN,8,8,QB,GreeTr00
1516,Brian Griese,2006,31,CHI,6,0,QB,GrieBr00
1517,Rex Grossman,2006,26,CHI,16,16,QB,GrosRe00
1518,Joey Harrington,2006,28,MIA,11,11,QB,HarrJo00
1519,Matt Hasselbeck,2006,31,SEA,12,12,QB,HassMa00
1520,Damon Huard,2006,33,KAN,10,8,QB,HuarDa00
1521,Tarvaris Jackson,2006,23,MIN,4,2,QB,JackTa00
1522,Brad Johnson,2006,38,MIN,15,14,QB,JohnBr00
1523,Jon Kitna,2006,34,DET,16,16,QB,KitnJo00
1524,Byron Leftwich,2006,26,JAX,6,6,QB,LeftBy00
1525,Matt Leinart,2006,23,ARI,12,11,QB,LeinMa00
1526,Cleo Lemon,2006,27,MIA,4,1,QB,LemoCl00
1527,Jared Lorenzen,2006,25,NYG,2,0,QB,LoreJa00
1528,J.P. Losman,2006,25,BUF,16,16,QB,LosmJ.00
1529,Eli Manning,2006,25,NYG,16,16,QB,MannEl00
1530,Peyton Manning,2006,30,IND,16,16,QB,MannPe00
1531,Ingle Martin,2006,24,GNB,1,0,QB,MartIn00
1532,Jamie Martin,2006,36,NOR,16,0,QB,MartJa00
1533,Josh McCown,2006,27,DET,2,0,QB,McCoJo01
1534,Donovan McNabb,2006,30,PHI,10,10,QB,McNaDo00
1535,Steve McNair,2006,33,BAL,16,16,QB,McNaSt00
1536,Reggie McNeal,2006,23,CIN,7,0,QB,McNeRe00
1537,Carson Palmer,2006,27,CIN,16,16,QB,PalmCa00
1538,Chad Pennington,2006,30,NYJ,16,16,QB,PennCh01
1539,Jake Plummer,2006,32,DEN,16,11,QB,PlumJa00
1540,Patrick Ramsey,2006,27,NYJ,1,0,QB,RamsPa00
1541,Tim Rattay,2006,29,TAM,4,2,QB,RattTi00
1542,Philip Rivers,2006,25,SDG,16,16,QB,RivePh00
1543,Aaron Rodgers,2006,23,GNB,2,0,QB,RodgAa00
1544,Ben Roethlisberger,2006,24,PIT,15,15,QB,RoetBe00
1545,Tony Romo,2006,26,DAL,16,10,QB,RomoTo00
1546,Sage Rosenfels,2006,28,HOU,4,0,QB,RoseSa00
1547,Matt Schaub,2006,25,ATL,16,0,QB,SchaMa00
1548,Chris Simms,2006,26,TAM,3,3,QB,SimmCh00
1549,Alex Smith,2006,22,SFO,16,16,QB,SmitAl03
1550,Brad Smith,2006,23,NYJ,16,3,WR/QB,SmitBr01
1551,Jim Sorgi,2006,26,IND,1,0,QB,SorgJi00
1552,Vinny Testaverde,2006,43,NWE,3,0,QB,TestVi00
1553,Marques Tuiasosopo,2006,27,OAK,2,0,QB,TuiaMa00
1554,Michael Vick,2006,26,ATL,16,16,QB,VickMi00
1555,Billy Volek,2006,30,SDG,1,0,QB,VoleBi00
1556,Seneca Wallace,2006,26,SEA,8,4,QB,WallSe00
1557,Andrew Walter,2006,24,OAK,12,8,QB,WaltAn00
1558,Kurt Warner,2006,35,ARI,6,5,QB,WarnKu00
1559,Chris Weinke,2006,34,CAR,3,3,QB,WeinCh00
1560,Charlie Whitehurst,2006,24,SDG,2,0,QB,WhitCh02
1561,Anthony Wright,2006,30,CIN,4,0,QB,WrigAn00
1562,Vince Young,2006,23,TEN,15,13,QB,YounVi00
1563,Tony Banks,2005,32,HOU,2,0,QB,BankTo00
1564,Charlie Batch,2005,31,PIT,4,2,QB,BatcCh00
1565,Jeff Blake,2005,35,CHI,2,0,QB,BlakJe00
1566,Drew Bledsoe,2005,33,DAL,16,16,QB,BledDr00
1567,Brooks Bollinger,2005,26,NYJ,11,9,QB,BollBr00
1568,Kyle Boller,2005,24,BAL,9,9,QB,BollKy00
1569,Todd Bouman,2005,33,NOR,16,3,QB,BoumTo00
1570,Tom Brady,2005,28,NWE,16,16,QB,BradTo00
1571,Drew Brees,2005,26,SDG,16,16,QB,BreeDr00
1572,Aaron Brooks,2005,29,NOR,13,13,QB,BrooAa00
1573,Mark Brunell,2005,35,WAS,16,15,QB,BrunMa00
1574,Marc Bulger,2005,28,STL,8,8,QB,BulgMa00
1575,David Carr,2005,26,HOU,16,16,QB,CarrDa00
1576,Matt Cassel,2005,23,NWE,2,0,QB,CassMa00
1577,Kerry Collins,2005,33,OAK,15,15,QB,CollKe00
1578,Todd Collins,2005,34,KAN,1,0,QB,CollTo00
1579,Daunte Culpepper,2005,28,MIN,7,7,QB,CulpDa00
1580,Jake Delhomme,2005,30,CAR,16,16,QB,DelhJa00
1581,Koy Detmer,2005,32,PHI,16,0,QB,DetmKo00
1582,Trent Dilfer,2005,33,CLE,11,11,QB,DilfTr00
1583,Ken Dorsey,2005,24,SFO,3,3,QB,DorsKe00
1584,Brett Favre,2005,36,GNB,16,16,QB,FavrBr00
1585,Jay Fiedler,2005,34,NYJ,2,0,QB,FiedJa00
1586,Ryan Fitzpatrick,2005,23,STL,4,3,QB,FitzRy00
1587,Doug Flutie,2005,43,NWE,5,0,QB,FlutDo00
1588,Gus Frerotte,2005,34,MIA,16,15,QB,FrerGu00
1589,Charlie Frye,2005,24,CLE,7,5,QB,FryeCh00
1590,Jeff Garcia,2005,35,DET,6,5,QB,GarcJe00
1591,David Garrard,2005,27,JAX,7,5,QB,GarrDa00
1592,Quinn Gray,2005,26,JAX,1,0,QB,GrayQu00
1593,Trent Green,2005,35,KAN,16,16,QB,GreeTr00
1594,Brian Griese,2005,30,TAM,6,6,QB,GrieBr00
1595,Rex Grossman,2005,25,CHI,2,1,QB,GrosRe00
1596,Joey Harrington,2005,27,DET,12,11,QB,HarrJo00
1597,Matt Hasselbeck,2005,30,SEA,16,16,QB,HassMa00
1598,Tim Hasselbeck,2005,27,NYG,2,0,QB,HassTi00
1599,Shaun Hill,2005,25,MIN,1,0,QB,HillSh00
1600,Kelly Holcomb,2005,32,BUF,10,8,QB,HolcKe00
1601,Brad Johnson,2005,37,MIN,15,9,QB,JohnBr00
1602,Kliff Kingsbury,2005,26,NYJ,1,0,QB,KingKl00
1603,Jon Kitna,2005,33,CIN,3,0,QB,KitnJo00
1604,Byron Leftwich,2005,25,JAX,11,11,QB,LeftBy00
1605,J.P. Losman,2005,24,BUF,9,8,QB,LosmJ.00
1606,Tommy Maddox,2005,34,PIT,4,2,QB,MaddTo00
1607,Eli Manning,2005,24,NYG,16,16,QB,MannEl00
1608,Peyton Manning,2005,29,IND,16,16,QB,MannPe00
1609,Jamie Martin,2005,35,STL,8,5,QB,MartJa00
1610,Matt Mauck,2005,26,TEN,2,1,QB,MaucMa00
1611,Josh McCown,2005,26,ARI,9,6,QB,McCoJo01
1612,Mike McMahon,2005,26,PHI,9,7,QB,McMaMi00
1613,Donovan McNabb,2005,29,PHI,9,9,QB,McNaDo00
1614,Steve McNair,2005,32,TEN,14,14,QB,McNaSt00
1615,John Navarre,2005,25,ARI,1,0,QB,NavaJo00
1616,Dan Orlovsky,2005,22,DET,2,0,QB,OrloDa00
1617,Kyle Orton,2005,23,CHI,15,15,QB,OrtoKy00
1618,Carson Palmer,2005,26,CIN,16,16,QB,PalmCa00
1619,Chad Pennington,2005,29,NYJ,3,3,QB,PennCh01
1620,Cody Pickett,2005,25,SFO,5,2,QB,PickCo00
1621,Jake Plummer,2005,31,DEN,16,16,QB,PlumJa00
1622,Patrick Ramsey,2005,26,WAS,4,1,QB,RamsPa00
1623,Tim Rattay,2005,28,SFO,4,4,QB,RattTi00
1624,Philip Rivers,2005,24,SDG,2,0,QB,RivePh00
1625,Aaron Rodgers,2005,22,GNB,3,0,QB,RodgAa00
1626,Ben Roethlisberger,2005,23,PIT,12,12,QB,RoetBe00
1627,Tony Romo,2005,25,DAL,16,0,QB,RomoTo00
1628,Sage Rosenfels,2005,27,MIA,4,1,QB,RoseSa00
1629,Matt Schaub,2005,24,ATL,16,1,QB,SchaMa00
1630,Chris Simms,2005,25,TAM,11,10,QB,SimmCh00
1631,Alex Smith,2005,21,SFO,9,7,QB,SmitAl03
1632,Jim Sorgi,2005,25,IND,5,0,QB,SorgJi00
1633,Kordell Stewart,2005,33,BAL,1,0,QB,StewKo00
1634,Vinny Testaverde,2005,42,NYJ,6,4,QB,TestVi00
1635,Marques Tuiasosopo,2005,26,OAK,1,1,QB,TuiaMa00
1636,Bradlee Van Pelt,2005,25,DEN,3,0,QB,VanPBr00
1637,Michael Vick,2005,25,ATL,15,15,QB,VickMi00
1638,Billy Volek,2005,29,TEN,6,1,QB,VoleBi00
1639,Seneca Wallace,2005,25,SEA,7,0,QB,WallSe00
1640,Kurt Warner,2005,34,ARI,10,10,QB,WarnKu00
1641,Chris Weinke,2005,33,CAR,3,0,QB,WeinCh00
1642,Anthony Wright,2005,29,BAL,9,7,QB,WrigAn00
1643,Tony Banks,2004,31,HOU,5,0,QB,BankTo00
1644,Jeff Blake,2004,34,PHI,3,0,QB,BlakJe00
1645,Drew Bledsoe,2004,32,BUF,16,16,QB,BledDr00
1646,Brooks Bollinger,2004,25,NYJ,1,0,QB,BollBr00
1647,Kyle Boller,2004,23,BAL,16,16,QB,BollKy00
1648,Todd Bouman,2004,32,NOR,16,0,QB,BoumTo00
1649,Tom Brady,2004,27,NWE,16,16,QB,BradTo00
1650,Drew Brees,2004,25,SDG,15,15,QB,BreeDr00
1651,Aaron Brooks,2004,28,NOR,16,16,QB,BrooAa00
1652,Mark Brunell,2004,34,WAS,9,9,QB,BrunMa00
1653,Marc Bulger,2004,27,STL,14,14,QB,BulgMa00
1654,David Carr,2004,25,HOU,16,16,QB,CarrDa00
1655,Quincy Carter,2004,27,NYJ,7,3,QB,CartQu00
1656,Chris Chandler,2004,39,STL,5,2,QB,ChanCh00
1657,Kerry Collins,2004,32,OAK,14,13,QB,CollKe00
1658,Todd Collins,2004,33,KAN,2,0,QB,CollTo00
1659,Daunte Culpepper,2004,27,MIN,16,16,QB,CulpDa00
1660,Rohan Davey,2004,26,NWE,4,0,QB,DaveRo01
1661,Jake Delhomme,2004,29,CAR,16,16,QB,DelhJa00
1662,Koy Detmer,2004,31,PHI,16,1,QB,DetmKo00
1663,Trent Dilfer,2004,32,SEA,5,2,QB,DilfTr00
1664,Ken Dorsey,2004,23,SFO,8,7,QB,DorsKe00
1665,Brett Favre,2004,35,GNB,16,16,QB,FavrBr00
1666,A.J. Feeley,2004,27,MIA,11,8,QB,FeelA.00
1667,Jay Fiedler,2004,33,MIA,8,7,QB,FiedJa00
1668,Doug Flutie,2004,42,SDG,2,1,QB,FlutDo00
1669,Gus Frerotte,2004,33,MIN,16,0,QB,FrerGu00
1670,Rich Gannon,2004,39,OAK,3,3,QB,GannRi00
1671,Jeff Garcia,2004,34,CLE,11,10,QB,GarcJe00
1672,David Garrard,2004,26,JAX,4,2,QB,GarrDa00
1673,Trent Green,2004,34,KAN,16,16,QB,GreeTr00
1674,Brian Griese,2004,29,TAM,11,10,QB,GrieBr00
1675,Rex Grossman,2004,24,CHI,3,3,QB,GrosRe00
1676,Joey Harrington,2004,26,DET,16,16,QB,HarrJo00
1677,Matt Hasselbeck,2004,29,SEA,14,14,QB,HassMa00
1678,Drew Henson,2004,24,DAL,7,1,QB,HensDr00
1679,Kelly Holcomb,2004,31,CLE,4,2,QB,HolcKe00
1680,Chad Hutchinson,2004,27,CHI,5,5,QB,HutcCh00
1681,Brad Johnson,2004,36,TAM,4,4,QB,JohnBr00
1682,Doug Johnson,2004,27,TEN,2,0,QB,JohnDo00
1683,Shaun King,2004,27,ARI,3,2,QB,KingSh00
1684,Jon Kitna,2004,32,CIN,4,3,QB,KitnJo00
1685,Craig Krenzel,2004,23,CHI,6,5,QB,KrenCr00
1686,Byron Leftwich,2004,24,JAX,14,14,QB,LeftBy00
1687,J.P. Losman,2004,23,BUF,4,0,QB,LosmJ.00
1688,Tommy Maddox,2004,33,PIT,4,3,QB,MaddTo00
1689,Eli Manning,2004,23,NYG,9,7,QB,MannEl00
1690,Peyton Manning,2004,28,IND,16,16,QB,MannPe00
1691,Jamie Martin,2004,34,STL,1,0,QB,MartJa00
1692,Shane Matthews,2004,34,BUF,3,0,QB,MattSh00
1693,Josh McCown,2004,25,ARI,14,13,QB,McCoJo01
1694,Luke McCown,2004,23,CLE,5,4,QB,McCoLu00
1695,Mike McMahon,2004,25,DET,1,0,QB,McMaMi00
1696,Donovan McNabb,2004,28,PHI,15,15,QB,McNaDo00
1697,Steve McNair,2004,31,TEN,8,8,QB,McNaSt00
1698,Craig Nall,2004,25,GNB,5,0,QB,NallCr00
1699,John Navarre,2004,24,ARI,1,1,QB,NavaJo00
1700,J.T. O'Sullivan,2004,25,GNB,1,0,QB,OSulJ.00
1701,Carson Palmer,2004,25,CIN,13,13,QB,PalmCa00
1702,Doug Pederson,2004,36,GNB,4,0,QB,PedeDo00
1703,Rodney Peete,2004,38,CAR,1,0,QB,PeetRo00
1704,Chad Pennington,2004,28,NYJ,13,13,QB,PennCh01
1705,Cody Pickett,2004,24,SFO,1,0,QB,PickCo00
1706,Jake Plummer,2004,30,DEN,16,16,QB,PlumJa00
1707,Jonathan Quinn,2004,29,CHI,5,3,QB,QuinJo00
1708,Patrick Ramsey,2004,25,WAS,9,7,QB,RamsPa00
1709,Tim Rattay,2004,27,SFO,9,9,QB,RattTi00
1710,Philip Rivers,2004,23,SDG,2,0,QB,RivePh00
1711,Ben Roethlisberger,2004,22,PIT,14,13,QB,RoetBe00
1712,Tony Romo,2004,24,DAL,6,0,QB,RomoTo00
1713,Sage Rosenfels,2004,26,MIA,3,1,QB,RoseSa00
1714,Matt Schaub,2004,23,ATL,6,1,QB,SchaMa00
1715,Chris Simms,2004,24,TAM,5,2,QB,SimmCh00
1716,Jim Sorgi,2004,24,IND,4,0,QB,SorgJi00
1717,Brian St. Pierre,2004,25,PIT,1,0,QB,St.PBr20
1718,Kordell Stewart,2004,32,BAL,2,0,QB,StewKo00
1719,Vinny Testaverde,2004,41,DAL,16,15,QB,TestVi00
1720,Michael Vick,2004,24,ATL,15,15,QB,VickMi00
1721,Billy Volek,2004,28,TEN,10,8,QB,VoleBi00
1722,Kurt Warner,2004,33,NYG,10,9,QB,WarnKu00
1723,Tony Banks,2003,30,HOU,7,3,QB,BankTo00
1724,Charlie Batch,2003,29,PIT,4,0,QB,BatcCh00
1725,Steve Beuerlein,2003,38,DEN,4,2,QB,BeueSt00
1726,Jeff Blake,2003,33,ARI,13,13,QB,BlakJe00
1727,Drew Bledsoe,2003,31,BUF,16,16,QB,BledDr00
1728,Kyle Boller,2003,22,BAL,11,9,QB,BollKy00
1729,Todd Bouman,2003,31,NOR,4,0,QB,BoumTo00
1730,Tom Brady,2003,26,NWE,16,16,QB,BradTo00
1731,Drew Brees,2003,24,SDG,11,11,QB,BreeDr00
1732,Aaron Brooks,2003,27,NOR,16,16,QB,BrooAa00
1733,Travis Brown,2003,26,BUF,2,0,QB,BrowTr01
1734,Mark Brunell,2003,33,JAX,3,3,QB,BrunMa00
1735,Marc Bulger,2003,26,STL,15,15,QB,BulgMa00
1736,David Carr,2003,24,HOU,12,11,QB,CarrDa00
1737,Quincy Carter,2003,26,DAL,16,16,QB,CartQu00
1738,Chris Chandler,2003,38,CHI,8,6,QB,ChanCh00
1739,Kerry Collins,2003,31,NYG,13,13,QB,CollKe00
1740,Todd Collins,2003,32,KAN,5,0,QB,CollTo00
1741,Tim Couch,2003,26,CLE,10,8,QB,CoucTi00
1742,Daunte Culpepper,2003,26,MIN,14,14,QB,CulpDa00
1743,Rohan Davey,2003,25,NWE,1,0,QB,DaveRo01
1744,Jake Delhomme,2003,28,CAR,16,15,QB,DelhJa00
1745,Koy Detmer,2003,30,PHI,16,0,QB,DetmKo00
1746,Ty Detmer,2003,36,DET,1,0,QB,DetmTy00
1747,Trent Dilfer,2003,31,SEA,5,0,QB,DilfTr00
1748,Brett Favre,2003,34,GNB,16,16,QB,FavrBr00
1749,Jay Fiedler,2003,32,MIA,12,11,QB,FiedJa00
1750,Doug Flutie,2003,41,SDG,7,5,QB,FlutDo00
1751,Gus Frerotte,2003,32,MIN,16,2,QB,FrerGu00
1752,Rich Gannon,2003,38,OAK,7,7,QB,GannRi00
1753,Jeff Garcia,2003,33,SFO,13,13,QB,GarcJe00
1754,David Garrard,2003,25,JAX,2,0,QB,GarrDa00
1755,Trent Green,2003,33,KAN,16,16,QB,GreeTr00
1756,Brian Griese,2003,28,MIA,5,5,QB,GrieBr00
1757,Rex Grossman,2003,23,CHI,3,3,QB,GrosRe00
1758,Gibran Hamdan,2003,22,WAS,1,0,QB,HamdGi00
1759,Joey Harrington,2003,25,DET,16,16,QB,HarrJo00
1760,Matt Hasselbeck,2003,28,SEA,16,16,QB,HassMa00
1761,Tim Hasselbeck,2003,25,WAS,7,5,QB,HassTi00
1762,Kelly Holcomb,2003,30,CLE,10,8,QB,HolcKe00
1763,Brock Huard,2003,27,IND,2,0,QB,HuarBr00
1764,Damon Huard,2003,30,NWE,2,0,QB,HuarDa00
1765,Chad Hutchinson,2003,26,DAL,1,0,QB,HutcCh00
1766,Jarious Jackson,2003,26,DEN,1,1,QB,JackJa01
1767,Brad Johnson,2003,35,TAM,16,16,QB,JohnBr00
1768,Doug Johnson,2003,26,ATL,10,8,QB,JohnDo00
1769,Rob Johnson,2003,30,OAKWAS,4,0,QB,JohnRo00
1770,Danny Kanell,2003,30,DEN,5,2,QB,KaneDa00
1771,Shaun King,2003,26,TAM,3,0,QB,KingSh00
1772,Jon Kitna,2003,31,CIN,16,16,QB,KitnJo00
1773,Kurt Kittner,2003,23,ATL,7,4,QB,KittKu00
1774,Byron Leftwich,2003,23,JAX,15,13,QB,LeftBy00
1775,Tommy Maddox,2003,32,PIT,16,16,QB,MaddTo00
1776,Peyton Manning,2003,27,IND,16,16,QB,MannPe00
1777,Tee Martin,2003,25,OAK,2,0,QB,MartTe00
1778,Josh McCown,2003,24,ARI,8,3,QB,McCoJo01
1779,Mike McMahon,2003,24,DET,3,0,QB,McMaMi00
1780,Donovan McNabb,2003,27,PHI,16,16,QB,McNaDo00
1781,Steve McNair,2003,30,TEN,14,14,QB,McNaSt00
1782,Rick Mirer,2003,33,OAK,9,8,QB,MireRi00
1783,Craig Nall,2003,24,GNB,1,0,QB,NallCr00
1784,Neil O'Donnell,2003,37,TEN,1,1,QB,ODonNe00
1785,Jesse Palmer,2003,25,NYG,6,3,QB,PalmJe00
1786,Doug Pederson,2003,35,GNB,16,0,QB,PedeDo00
1787,Rodney Peete,2003,37,CAR,1,1,QB,PeetRo00
1788,Chad Pennington,2003,27,NYJ,10,9,QB,PennCh01
1789,Jake Plummer,2003,29,DEN,11,11,QB,PlumJa00
1790,Dave Ragone,2003,24,HOU,2,2,QB,RagoDa00
1791,Patrick Ramsey,2003,24,WAS,11,11,QB,RamsPa00
1792,Tim Rattay,2003,26,SFO,11,3,QB,RattTi00
1793,Chris Redman,2003,26,BAL,2,0,QB,RedmCh00
1794,Sage Rosenfels,2003,25,MIA,2,0,QB,RoseSa00
1795,Kordell Stewart,2003,31,CHI,9,7,QB,StewKo00
1796,Vinny Testaverde,2003,40,NYJ,7,7,QB,TestVi00
1797,Marques Tuiasosopo,2003,24,OAK,4,1,QB,TuiaMa00
1798,Alex Van Pelt,2003,33,BUF,6,0,QB,VanPAl00
1799,Michael Vick,2003,23,ATL,5,4,QB,VickMi00
1800,Billy Volek,2003,27,TEN,7,1,QB,VoleBi00
1801,Kurt Warner,2003,32,STL,2,1,QB,WarnKu00
1802,Anthony Wright,2003,27,BAL,7,7,QB,WrigAn00
1803,Steve Beuerlein,2002,37,DEN,8,3,QB,BeueSt00
1804,Jeff Blake,2002,32,BAL,11,10,QB,BlakJe00
1805,Drew Bledsoe,2002,30,BUF,16,16,QB,BledDr00
1806,Todd Bouman,2002,30,MIN,1,0,QB,BoumTo00
1807,Tom Brady,2002,25,NWE,16,16,QB,BradTo00
1808,Drew Brees,2002,23,SDG,16,16,QB,BreeDr00
1809,Aaron Brooks,2002,26,NOR,16,16,QB,BrooAa00
1810,Mark Brunell,2002,32,JAX,15,15,QB,BrunMa00
1811,Marc Bulger,2002,25,STL,7,7,QB,BulgMa00
1812,Henry Burris,2002,27,CHI,6,1,QB,BurrHe00
1813,David Carr,2002,23,HOU,16,16,QB,CarrDa00
1814,Quincy Carter,2002,25,DAL,7,7,QB,CartQu00
1815,Chris Chandler,2002,37,CHI,9,7,QB,ChanCh00
1816,Kerry Collins,2002,30,NYG,16,16,QB,CollKe00
1817,Todd Collins,2002,31,KAN,3,0,QB,CollTo00
1818,Tim Couch,2002,25,CLE,14,14,QB,CoucTi00
1819,Scott Covington,2002,26,STL,1,1,QB,CoviSc00
1820,Daunte Culpepper,2002,25,MIN,16,16,QB,CulpDa00
1821,Rohan Davey,2002,24,NWE,2,0,QB,DaveRo01
1822,Jake Delhomme,2002,27,NOR,4,0,QB,DelhJa00
1823,Koy Detmer,2002,29,PHI,14,1,QB,DetmKo00
1824,Trent Dilfer,2002,30,SEA,6,6,QB,DilfTr00
1825,Randy Fasani,2002,24,CAR,4,1,QB,FasaRa00
1826,Brett Favre,2002,33,GNB,16,16,QB,FavrBr00
1827,A.J. Feeley,2002,25,PHI,6,5,QB,FeelA.00
1828,Jay Fiedler,2002,31,MIA,11,10,QB,FiedJa00
1829,Doug Flutie,2002,40,SDG,1,0,QB,FlutDo00
1830,Gus Frerotte,2002,31,CIN,4,3,QB,FrerGu00
1831,Rich Gannon,2002,37,OAK,16,16,QB,GannRi00
1832,Jeff Garcia,2002,32,SFO,16,16,QB,GarcJe00
1833,David Garrard,2002,24,JAX,4,1,QB,GarrDa00
1834,Trent Green,2002,32,KAN,16,16,QB,GreeTr00
1835,Brian Griese,2002,27,DEN,13,13,QB,GrieBr00
1836,Joey Harrington,2002,24,DET,14,12,QB,HarrJo00
1837,Matt Hasselbeck,2002,27,SEA,16,10,QB,HassMa00
1838,Tim Hasselbeck,2002,24,PHI,2,0,QB,HassTi00
1839,Kelly Holcomb,2002,29,CLE,4,2,QB,HolcKe00
1840,Damon Huard,2002,29,NWE,2,0,QB,HuarDa00
1841,Chad Hutchinson,2002,25,DAL,9,9,QB,HutcCh00
1842,Jarious Jackson,2002,25,DEN,1,0,QB,JackJa01
1843,Brad Johnson,2002,34,TAM,13,13,QB,JohnBr00
1844,Doug Johnson,2002,25,ATL,6,1,QB,JohnDo00
1845,Rob Johnson,2002,29,TAM,6,2,QB,JohnRo00
1846,Shaun King,2002,25,TAM,3,1,QB,KingSh00
1847,Jon Kitna,2002,30,CIN,14,12,QB,KitnJo00
1848,Ray Lucas,2002,30,MIA,7,6,QB,LucaRa00
1849,Tommy Maddox,2002,31,PIT,15,11,QB,MaddTo00
1850,Peyton Manning,2002,26,IND,16,16,QB,MannPe00
1851,Jamie Martin,2002,32,STL,5,2,QB,MartJa00
1852,Shane Matthews,2002,32,WAS,8,7,QB,MattSh00
1853,Josh McCown,2002,23,ARI,2,0,QB,McCoJo01
1854,Mike McMahon,2002,23,DET,8,4,QB,McMaMi00
1855,Donovan McNabb,2002,26,PHI,10,10,QB,McNaDo00
1856,Steve McNair,2002,29,TEN,16,16,QB,McNaSt00
1857,Jim Miller,2002,31,CHI,10,8,QB,MillJi00
1858,Neil O'Donnell,2002,36,TEN,4,0,QB,ODonNe00
1859,Jesse Palmer,2002,24,NYG,2,0,QB,PalmJe00
1860,Doug Pederson,2002,34,GNB,16,0,QB,PedeDo00
1861,Rodney Peete,2002,36,CAR,14,14,QB,PeetRo00
1862,Chad Pennington,2002,26,NYJ,15,12,QB,PennCh01
1863,Jake Plummer,2002,28,ARI,16,16,QB,PlumJa00
1864,Jonathan Quinn,2002,27,KAN,1,0,QB,QuinJo00
1865,Patrick Ramsey,2002,23,WAS,9,5,QB,RamsPa00
1866,Tim Rattay,2002,25,SFO,4,0,QB,RattTi00
1867,Chris Redman,2002,25,BAL,6,6,QB,RedmCh00
1868,Sage Rosenfels,2002,24,MIA,4,0,QB,RoseSa00
1869,Cory Sauter,2002,28,CHI,1,0,QB,SautCo00
1870,Akili Smith,2002,27,CIN,1,1,QB,SmitAk00
1871,Kordell Stewart,2002,30,PIT,7,5,QB,StewKo00
1872,Vinny Testaverde,2002,39,NYJ,5,4,QB,TestVi00
1873,Marques Tuiasosopo,2002,23,OAK,3,0,QB,TuiaMa00
1874,Alex Van Pelt,2002,32,BUF,2,0,QB,VanPAl00
1875,Michael Vick,2002,22,ATL,15,15,QB,VickMi00
1876,Kurt Warner,2002,31,STL,7,6,QB,WarnKu00
1877,Chris Weinke,2002,30,CAR,6,1,QB,WeinCh00
1878,Tory Woodbury,2002,24,NYJ,2,0,QB,WoodTo02
1879,Danny Wuerffel,2002,28,WAS,7,4,QB,WuerDa00
1880,Tony Banks,2001,28,WAS,15,14,QB,BankTo00
1881,Charlie Batch,2001,27,DET,10,9,QB,BatcCh00
1882,Jeff Blake,2001,31,NOR,1,0,QB,BlakJe00
1883,Drew Bledsoe,2001,29,NWE,2,2,QB,BledDr00
1884,Todd Bouman,2001,29,MIN,5,3,QB,BoumTo00
1885,Tom Brady,2001,24,NWE,15,14,QB,BradTo00
1886,Drew Brees,2001,22,SDG,1,0,QB,BreeDr00
1887,Aaron Brooks,2001,25,NOR,16,16,QB,BrooAa00
1888,Dave Brown,2001,31,ARI,1,0,QB,BrowDa00
1889,Travis Brown,2001,24,BUF,1,0,QB,BrowTr01
1890,Mark Brunell,2001,31,JAX,15,15,QB,BrunMa00
1891,Quincy Carter,2001,24,DAL,8,8,QB,CartQu00
1892,Chris Chandler,2001,36,ATL,14,14,QB,ChanCh00
1893,Kerry Collins,2001,29,NYG,16,16,QB,CollKe00
1894,Todd Collins,2001,30,KAN,1,0,QB,CollTo00
1895,Tim Couch,2001,24,CLE,16,16,QB,CoucTi00
1896,Dameyune Craig,2001,27,CAR,2,0,QB,CraiDa00
1897,Daunte Culpepper,2001,24,MIN,11,11,QB,CulpDa00
1898,Randall Cunningham,2001,38,BAL,6,2,QB,CunnRa00
1899,Koy Detmer,2001,28,PHI,16,0,QB,DetmKo00
1900,Ty Detmer,2001,34,DET,4,4,QB,DetmTy00
1901,Trent Dilfer,2001,29,SEA,6,4,QB,DilfTr00
1902,Brett Favre,2001,32,GNB,16,16,QB,FavrBr00
1903,A.J. Feeley,2001,24,PHI,1,0,QB,FeelA.00
1904,Jay Fiedler,2001,30,MIA,16,16,QB,FiedJa00
1905,Doug Flutie,2001,39,SDG,16,16,QB,FlutDo00
1906,Gus Frerotte,2001,30,DEN,4,1,QB,FrerGu00
1907,Rich Gannon,2001,36,OAK,16,16,QB,GannRi00
1908,Jeff Garcia,2001,31,SFO,16,16,QB,GarcJe00
1909,Jeff George,2001,34,WAS,2,2,QB,GeorJe00
1910,Kent Graham,2001,33,WAS,3,0,QB,GrahKe00
1911,Elvis Grbac,2001,31,BAL,14,14,QB,GrbaEl00
1912,Trent Green,2001,31,KAN,16,16,QB,GreeTr00
1913,Brian Griese,2001,26,DEN,15,15,QB,GrieBr00
1914,Matt Hasselbeck,2001,26,SEA,13,12,QB,HassMa00
1915,Kelly Holcomb,2001,28,CLE,1,0,QB,HolcKe00
1916,Brock Huard,2001,25,SEA,1,0,QB,HuarBr00
1917,Jarious Jackson,2001,24,DEN,1,0,QB,JackJa01
1918,Brad Johnson,2001,33,TAM,16,16,QB,JohnBr00
1919,Doug Johnson,2001,24,ATL,3,0,QB,JohnDo00
1920,Rob Johnson,2001,28,BUF,8,8,QB,JohnRo00
1921,Shaun King,2001,24,TAM,3,0,QB,KingSh00
1922,Jon Kitna,2001,29,CIN,16,15,QB,KitnJo00
1923,Ryan Leaf,2001,25,DAL,4,3,QB,LeafRy00
1924,Ray Lucas,2001,29,MIA,10,0,QB,LucaRa00
1925,Matt Lytle,2001,26,CAR,3,1,QB,LytlMa00
1926,Tommy Maddox,2001,30,PIT,3,0,QB,MaddTo00
1927,Peyton Manning,2001,25,IND,16,16,QB,MannPe00
1928,Jamie Martin,2001,31,STL,5,0,QB,MartJa00
1929,Tee Martin,2001,23,PIT,1,0,QB,MartTe00
1930,Shane Matthews,2001,31,CHI,4,3,QB,MattSh00
1931,Mike McMahon,2001,22,DET,8,3,QB,McMaMi00
1932,Donovan McNabb,2001,25,PHI,16,16,QB,McNaDo00
1933,Steve McNair,2001,28,TEN,15,15,QB,McNaSt00
1934,Jim Miller,2001,30,CHI,14,13,QB,MillJi00
1935,Scott Mitchell,2001,33,CIN,1,0,QB,MitcSc00
1936,Neil O'Donnell,2001,35,TEN,5,1,QB,ODonNe00
1937,Doug Pederson,2001,33,GNB,16,0,QB,PedeDo00
1938,Rodney Peete,2001,35,OAK,1,0,QB,PeetRo00
1939,Chad Pennington,2001,25,NYJ,2,0,QB,PennCh01
1940,Jake Plummer,2001,27,ARI,16,16,QB,PlumJa00
1941,Jonathan Quinn,2001,26,JAX,6,1,QB,QuinJo00
1942,Tim Rattay,2001,24,SFO,3,0,QB,RattTi00
1943,Chris Redman,2001,24,BAL,0,0,QB,RedmCh00
1944,Mark Rypien,2001,39,IND,4,0,QB,RypiMa00
1945,Akili Smith,2001,26,CIN,2,1,QB,SmitAk00
1946,Kordell Stewart,2001,29,PIT,16,16,QB,StewKo00
1947,Clint Stoerner,2001,24,DAL,4,2,QB,StoeCl00
1948,Vinny Testaverde,2001,38,NYJ,16,16,QB,TestVi00
1949,Marques Tuiasosopo,2001,22,OAK,1,0,QB,TuiaMa00
1950,Alex Van Pelt,2001,31,BUF,12,8,QB,VanPAl00
1951,Michael Vick,2001,21,ATL,8,2,QB,VickMi00
1952,Billy Volek,2001,25,TEN,1,0,QB,VoleBi00
1953,Kurt Warner,2001,30,STL,16,16,QB,WarnKu00
1954,Chris Weinke,2001,29,CAR,15,15,QB,WeinCh00
1955,Tory Woodbury,2001,23,NYJ,10,0,QB,WoodTo02
1956,Anthony Wright,2001,25,DAL,4,3,QB,WrigAn00
1957,Danny Wuerffel,2001,27,CHI,1,0,QB,WuerDa00
1958,Spergon Wynn,2001,23,MIN,3,2,QB,WynnSp00
1959,Troy Aikman,2000,34,DAL,11,11,QB,AikmTr00
1960,Tony Banks,2000,27,BAL,11,8,QB,BankTo00
1961,Charlie Batch,2000,26,DET,15,15,QB,BatcCh00
1962,Steve Beuerlein,2000,35,CAR,16,16,QB,BeueSt00
1963,Michael Bishop,2000,24,NWE,8,0,QB,BishMi00
1964,Jeff Blake,2000,30,NOR,11,11,QB,BlakJe00
1965,Drew Bledsoe,2000,28,NWE,16,16,QB,BledDr00
1966,Tom Brady,2000,23,NWE,1,0,QB,BradTo00
1967,Bubby Brister,2000,38,MIN,2,0,QB,BrisBu00
1968,Aaron Brooks,2000,24,NOR,8,5,QB,BrooAa00
1969,Dave Brown,2000,30,ARI,6,2,QB,BrowDa00
1970,Travis Brown,2000,23,SEA,1,0,QB,BrowTr01
1971,Mark Brunell,2000,30,JAX,16,16,QB,BrunMa00
1972,Stoney Case,2000,28,DET,5,1,QB,CaseSt00
1973,Chris Chandler,2000,35,ATL,14,13,QB,ChanCh00
1974,Kerry Collins,2000,28,NYG,16,16,QB,CollKe00
1975,Tim Couch,2000,23,CLE,7,7,QB,CoucTi00
1976,Dameyune Craig,2000,26,CAR,4,0,QB,CraiDa00
1977,Daunte Culpepper,2000,23,MIN,16,16,QB,CulpDa00
1978,Randall Cunningham,2000,37,DAL,6,3,QB,CunnRa00
1979,Koy Detmer,2000,27,PHI,16,0,QB,DetmKo00
1980,Trent Dilfer,2000,28,BAL,11,8,QB,DilfTr00
1981,Brett Favre,2000,31,GNB,16,16,QB,FavrBr00
1982,Jay Fiedler,2000,29,MIA,15,15,QB,FiedJa00
1983,Doug Flutie,2000,38,BUF,11,5,QB,FlutDo00
1984,Gus Frerotte,2000,29,DEN,10,6,QB,FrerGu00
1985,John Friesz,2000,33,NWE,1,0,QB,FrieJo00
1986,Rich Gannon,2000,35,OAK,16,16,QB,GannRi00
1987,Jeff Garcia,2000,30,SFO,16,16,QB,GarcJe00
1988,Jason Garrett,2000,34,NYG,2,0,QB,GarrJa00
1989,Jeff George,2000,33,WAS,6,5,QB,GeorJe00
1990,Kent Graham,2000,32,PIT,12,5,QB,GrahKe00
1991,Elvis Grbac,2000,30,KAN,15,15,QB,GrbaEl00
1992,Trent Green,2000,30,STL,8,5,QB,GreeTr00
1993,Chris Greisen,2000,24,ARI,3,0,QB,GreiCh00
1994,Brian Griese,2000,25,DEN,10,10,QB,GrieBr00
1995,Joe Hamilton,2000,23,TAM,1,0,QB,HamiJo20
1996,Jim Harbaugh,2000,37,SDG,7,5,QB,HarbJi00
1997,Mark Hartsell,2000,27,CHI,1,0,QB,HartMa20
1998,Matt Hasselbeck,2000,25,GNB,16,0,QB,HassMa00
1999,Bobby Hoying,2000,28,OAK,4,0,QB,HoyiBo00
2000,Brock Huard,2000,24,SEA,5,4,QB,HuarBr00
2001,Damon Huard,2000,27,MIA,16,1,QB,HuarDa00
2002,Todd Husak,2000,22,WAS,1,0,QB,HusaTo20
2003,Jarious Jackson,2000,23,DEN,2,0,QB,JackJa01
2004,Brad Johnson,2000,32,WAS,12,11,QB,JohnBr00
2005,Doug Johnson,2000,23,ATL,4,2,QB,JohnDo00
2006,Rob Johnson,2000,27,BUF,12,11,QB,JohnRo00
2007,Danny Kanell,2000,27,ATL,5,1,QB,KaneDa00
2008,Shaun King,2000,23,TAM,16,16,QB,KingSh00
2009,Jon Kitna,2000,28,SEA,15,12,QB,KitnJo00
2010,Ryan Leaf,2000,24,SDG,11,9,QB,LeafRy00
2011,Jeff Lewis,2000,27,CAR,5,0,QB,LewiJe01
2012,Ray Lucas,2000,28,NYJ,7,0,QB,LucaRa00
2013,Matt Lytle,2000,25,SEA,2,0,QB,LytlMa00
2014,Peyton Manning,2000,24,IND,16,16,QB,MannPe00
2015,Jamie Martin,2000,30,JAX,5,0,QB,MartJa00
2016,Shane Matthews,2000,30,CHI,6,5,QB,MattSh00
2017,Donovan McNabb,2000,24,PHI,16,16,QB,McNaDo00
2018,Steve McNair,2000,27,TEN,16,15,QB,McNaSt00
2019,Cade McNown,2000,23,CHI,10,9,QB,McNoCa00
2020,Jim Miller,2000,29,CHI,3,2,QB,MillJi00
2021,Rick Mirer,2000,30,SFO,1,0,QB,MireRi00
2022,Scott Mitchell,2000,32,CIN,8,5,QB,MitcSc00
2023,Warren Moon,2000,44,KAN,2,1,QB,MoonWa00
2024,Moses Moreno,2000,25,SDG,6,2,QB,MoreMo00
2025,Neil O'Donnell,2000,34,TEN,7,1,QB,ODonNe00
2026,Doug Pederson,2000,32,CLE,11,8,QB,PedeDo00
2027,Chad Pennington,2000,24,NYJ,1,0,QB,PennCh01
2028,Jake Plummer,2000,26,ARI,14,14,QB,PlumJa00
2029,Jonathan Quinn,2000,25,JAX,1,0,QB,QuinJo00
2030,Tim Rattay,2000,23,SFO,1,0,QB,RattTi00
2031,Chris Redman,2000,23,BAL,2,0,QB,RedmCh00
2032,Akili Smith,2000,25,CIN,12,11,QB,SmitAk00
2033,Kordell Stewart,2000,28,PIT,16,11,QB,StewKo00
2034,Clint Stoerner,2000,23,DAL,1,0,QB,StoeCl00
2035,Vinny Testaverde,2000,37,NYJ,16,16,QB,TestVi00
2036,Kevin Thompson,2000,23,CLE,1,0,QB,ThomKe00
2037,Alex Van Pelt,2000,30,BUF,1,0,QB,VanPAl00
2038,Kurt Warner,2000,29,STL,11,11,QB,WarnKu00
2039,Anthony Wright,2000,24,DAL,4,2,QB,WrigAn00
2040,Danny Wuerffel,2000,26,GNB,1,0,QB,WuerDa00
2041,Spergon Wynn,2000,22,CLE,7,1,QB,WynnSp00
2042,Eric Zeier,2000,28,TAM,3,0,QB,ZeieEr00
